direction,item_id,item_name,vendor,region,shop_id,price_B,evidence,source
Vendor sells,CHEM-CH3COOH,Acetic acid,Construction store,slavs-bay,SHOP-CHEM-SLAV,UNKNOWN,wiki_catalogue,https://drugdealersim.com/map?game=1708850&area=isla-sombra
Vendor sells,CHEM-CH3COOH,Acetic acid,Marcus' laboratory,archipelago,SHOP-DRUGS-AMPH,UNKNOWN,wiki_catalogue,https://drugdealersim.com/map?game=1708850&area=isla-sombra
Vendor sells,CHEM-CH3COOH,Acetic acid,Moonshiner,jungle,SHOP-ETHA-MEX2,UNKNOWN,wiki_catalogue,https://drugdealersim.com/map?game=1708850&area=isla-sombra
Vendor sells,UNKNOWN,Acetic Acid (100ml),Marcus,small-island,UNKNOWN,UNKNOWN,wiki_catalogue,https://drugdealersim.com/map?game=1708850&area=isla-sombra
Vendor sells,CHEM-ACETONE-M,Acetone,Construction store,slavs-bay,SHOP-CHEM-SLAV,UNKNOWN,wiki_catalogue,https://drugdealersim.com/map?game=1708850&area=isla-sombra
Vendor sells,CHEM-ACETONE-L,Acetone,Construction store,slavs-bay,SHOP-CHEM-SLAV,UNKNOWN,wiki_catalogue,https://drugdealersim.com/map?game=1708850&area=isla-sombra
Vendor sells,CHEM-ACETONE-M,Acetone,General store,archipelago,SHOP-GENE-ARCH,UNKNOWN,wiki_catalogue,https://drugdealersim.com/map?game=1708850&area=isla-sombra
Vendor sells,CHEM-ACETONE-M,Acetone,General store,callejon,SHOP-GENE-MEX1,UNKNOWN,wiki_catalogue,https://drugdealersim.com/map?game=1708850&area=isla-sombra
Vendor sells,CHEM-ACETONE-L,Acetone,General store,callejon,SHOP-GENE-MEX1,UNKNOWN,wiki_catalogue,https://drugdealersim.com/map?game=1708850&area=isla-sombra
Vendor sells,CHEM-ACETONE-M,Acetone,General store,jungle,SHOP-GENE-MEX2,UNKNOWN,wiki_catalogue,https://drugdealersim.com/map?game=1708850&area=isla-sombra
Vendor sells,CHEM-ACETONE-M,Acetone,General store,la-colina-sangrienta,SHOP-GENE-JAM,UNKNOWN,wiki_catalogue,https://drugdealersim.com/map?game=1708850&area=isla-sombra
Vendor sells,CHEM-ACETONE-L,Acetone,Hardware store,bahia-de-oro-favela,SHOP-HARD-CITY-FAV,UNKNOWN,wiki_catalogue,https://drugdealersim.com/map?game=1708850&area=isla-sombra
Vendor sells,CHEM-ACETONE-L,Acetone,Hardware store,jungle,SHOP-HARD-MEX2,UNKNOWN,wiki_catalogue,https://drugdealersim.com/map?game=1708850&area=isla-sombra
Vendor sells,CHEM-ACETONE-L,Acetone,Hardware store,la-colina-sangrienta,SHOP-HARD-JAM,UNKNOWN,wiki_catalogue,https://drugdealersim.com/map?game=1708850&area=isla-sombra
Vendor sells,CHEM-ACETONE-L,Acetone,Hardware store,volcano-island,SHOP-HARD-VOL,UNKNOWN,wiki_catalogue,https://drugdealersim.com/map?game=1708850&area=isla-sombra
Vendor sells,CHEM-ACETONE-M,Acetone,LSD Bum,paraiso-peninsular,SHOP-DRUGS-LSD,UNKNOWN,wiki_catalogue,https://drugdealersim.com/map?game=1708850&area=isla-sombra
Vendor sells,CHEM-ACETONE-L,Acetone,LSD Bum,paraiso-peninsular,SHOP-DRUGS-LSD,UNKNOWN,wiki_catalogue,https://drugdealersim.com/map?game=1708850&area=isla-sombra
Vendor sells,CHEM-ACETONE-M,Acetone,Marcus' laboratory,archipelago,SHOP-DRUGS-AMPH,UNKNOWN,wiki_catalogue,https://drugdealersim.com/map?game=1708850&area=isla-sombra
Vendor sells,CHEM-ACETONE-M,Acetone,Mini-market,archipelago,SHOP-BIG-GENE-ARCH,UNKNOWN,wiki_catalogue,https://drugdealersim.com/map?game=1708850&area=isla-sombra
Vendor sells,CHEM-ACETONE-M,Acetone,Mini-market,dueno-del-mar,SHOP-BIG-GENE-PORT,UNKNOWN,wiki_catalogue,https://drugdealersim.com/map?game=1708850&area=isla-sombra
Vendor sells,CHEM-ACETONE-M,Acetone,Mini-market,paraiso-peninsular,SHOP-BIG-GENE-PENI,UNKNOWN,wiki_catalogue,https://drugdealersim.com/map?game=1708850&area=isla-sombra
Vendor sells,CHEM-ACETONE-L,Acetone,Moonshiner,jungle,SHOP-ETHA-MEX2,UNKNOWN,wiki_catalogue,https://drugdealersim.com/map?game=1708850&area=isla-sombra
Vendor sells,CHEM-ACETONE-M,Acetone,Pharmacy,paraiso-peninsular,SHOP-PHARM-PENI,UNKNOWN,wiki_catalogue,https://drugdealersim.com/map?game=1708850&area=isla-sombra
Vendor sells,CHEM-ACETONE-L,Acetone,Pharmacy,paraiso-peninsular,SHOP-PHARM-PENI,UNKNOWN,wiki_catalogue,https://drugdealersim.com/map?game=1708850&area=isla-sombra
Vendor sells,UNKNOWN,Acetone (1L),Marcus,small-island,UNKNOWN,UNKNOWN,wiki_catalogue,https://drugdealersim.com/map?game=1708850&area=isla-sombra
Vendor sells,UNKNOWN,Acetone (1L),Shop - Luciano Cruz,archipelago,UNKNOWN,UNKNOWN,wiki_catalogue,https://drugdealersim.com/map?game=1708850&area=isla-sombra
Vendor sells,CHEM-AMMONIA-M,Ammonia,Blue meth store,volcano-island,SHOP-DRUGS-BLUE-METH,UNKNOWN,wiki_catalogue,https://drugdealersim.com/map?game=1708850&area=isla-sombra
Vendor sells,CHEM-AMMONIA-M,Ammonia,Construction store,slavs-bay,SHOP-CHEM-SLAV,UNKNOWN,wiki_catalogue,https://drugdealersim.com/map?game=1708850&area=isla-sombra
Vendor sells,CHEM-AMMONIA-L,Ammonia,Construction store,slavs-bay,SHOP-CHEM-SLAV,UNKNOWN,wiki_catalogue,https://drugdealersim.com/map?game=1708850&area=isla-sombra
Vendor sells,CHEM-AMMONIA-M,Ammonia,General store,jungle,SHOP-GENE-MEX2,UNKNOWN,wiki_catalogue,https://drugdealersim.com/map?game=1708850&area=isla-sombra
Vendor sells,CHEM-AMMONIA-L,Ammonia,General store,jungle,SHOP-GENE-MEX2,UNKNOWN,wiki_catalogue,https://drugdealersim.com/map?game=1708850&area=isla-sombra
Vendor sells,CHEM-AMMONIA-M,Ammonia,General store,la-colina-sangrienta,SHOP-GENE-JAM,UNKNOWN,wiki_catalogue,https://drugdealersim.com/map?game=1708850&area=isla-sombra
Vendor sells,CHEM-AMMONIA-L,Ammonia,General store,la-colina-sangrienta,SHOP-GENE-JAM,UNKNOWN,wiki_catalogue,https://drugdealersim.com/map?game=1708850&area=isla-sombra
Vendor sells,CHEM-AMMONIA-L,Ammonia,Hardware store,jungle,SHOP-HARD-MEX2,UNKNOWN,wiki_catalogue,https://drugdealersim.com/map?game=1708850&area=isla-sombra
Vendor sells,CHEM-AMMONIA-M,Ammonia,LSD Bum,paraiso-peninsular,SHOP-DRUGS-LSD,UNKNOWN,wiki_catalogue,https://drugdealersim.com/map?game=1708850&area=isla-sombra
Vendor sells,CHEM-AMMONIA-L,Ammonia,LSD Bum,paraiso-peninsular,SHOP-DRUGS-LSD,UNKNOWN,wiki_catalogue,https://drugdealersim.com/map?game=1708850&area=isla-sombra
Vendor sells,CHEM-AMMONIA-M,Ammonia,Mini-market,dueno-del-mar,SHOP-BIG-GENE-PORT,UNKNOWN,wiki_catalogue,https://drugdealersim.com/map?game=1708850&area=isla-sombra
Vendor sells,CHEM-AMMONIA-M,Ammonia,Mini-market,paraiso-peninsular,SHOP-BIG-GENE-PENI,UNKNOWN,wiki_catalogue,https://drugdealersim.com/map?game=1708850&area=isla-sombra
Vendor sells,CHEM-AMMONIA-M,Ammonia,Pharmacy,paraiso-peninsular,SHOP-PHARM-PENI,UNKNOWN,wiki_catalogue,https://drugdealersim.com/map?game=1708850&area=isla-sombra
Vendor sells,CHEM-AMMONIA-L,Ammonia,Pharmacy,paraiso-peninsular,SHOP-PHARM-PENI,UNKNOWN,wiki_catalogue,https://drugdealersim.com/map?game=1708850&area=isla-sombra
Vendor sells,DRUG-AMPH-PACK-10G,Amphetamine,Marcus' laboratory,archipelago,SHOP-DRUGS-AMPH,UNKNOWN,wiki_catalogue,https://drugdealersim.com/map?game=1708850&area=isla-sombra
Vendor sells,DRUG-AMPH-PACK-50G,Amphetamine,Marcus' laboratory,archipelago,SHOP-DRUGS-AMPH,UNKNOWN,wiki_catalogue,https://drugdealersim.com/map?game=1708850&area=isla-sombra
Vendor sells,UNKNOWN,Amphetamine (10g),Marcus,small-island,UNKNOWN,UNKNOWN,wiki_catalogue,https://drugdealersim.com/map?game=1708850&area=isla-sombra
Vendor sells,UNKNOWN,Amphetamine (50g),Marcus,small-island,UNKNOWN,UNKNOWN,wiki_catalogue,https://drugdealersim.com/map?game=1708850&area=isla-sombra
Vendor sells,LABEQ-ANALYTICAL-GRINDER,Analytical grinder,Equipment store,dueno-del-mar,SHOP-LABEQ-PORT,UNKNOWN,wiki_catalogue,https://drugdealersim.com/map?game=1708850&area=isla-sombra
Vendor sells,LABEQ-ANALYTICAL-GRINDER,Analytical grinder,Equipment store,volcano-island,SHOP-LABEQ-VOL,UNKNOWN,wiki_catalogue,https://drugdealersim.com/map?game=1708850&area=isla-sombra
Vendor sells,LABEQ-ANALYTICAL-GRINDER,Analytical grinder,Ghetto equipment store,bahia-de-oro-favela,SHOP-LABEQ-CITY-FAV,UNKNOWN,wiki_catalogue,https://drugdealersim.com/map?game=1708850&area=isla-sombra
Vendor sells,MED-ANTIVENOM,Antivenom,General store,jungle,SHOP-GENE-MEX2,UNKNOWN,wiki_catalogue,https://drugdealersim.com/map?game=1708850&area=isla-sombra
Vendor sells,MED-ANTIVENOM,Antivenom,General store,la-colina-sangrienta,SHOP-GENE-JAM,UNKNOWN,wiki_catalogue,https://drugdealersim.com/map?game=1708850&area=isla-sombra
Vendor sells,MED-ANTIVENOM,Antivenom,Pharmacy,dueno-del-mar,SHOP-PHARM-PORT,UNKNOWN,wiki_catalogue,https://drugdealersim.com/map?game=1708850&area=isla-sombra
Vendor sells,MED-ANTIVENOM,Antivenom,Pharmacy,paraiso-peninsular,SHOP-PHARM-PENI,UNKNOWN,wiki_catalogue,https://drugdealersim.com/map?game=1708850&area=isla-sombra
Vendor sells,EQ-ARMCHAIR-BAS,Armchair,Furniture store,archipelago,SHOP-FURN-ARCH,UNKNOWN,wiki_catalogue,https://drugdealersim.com/map?game=1708850&area=isla-sombra
Vendor sells,EQ-ARMCHAIR-MOD,Armchair,Furniture store,archipelago,SHOP-FURN-ARCH,UNKNOWN,wiki_catalogue,https://drugdealersim.com/map?game=1708850&area=isla-sombra
Vendor sells,EQ-ARMCHAIR-BAS,Armchair,Furniture store,dueno-del-mar,SHOP-FURN-PORT,UNKNOWN,wiki_catalogue,https://drugdealersim.com/map?game=1708850&area=isla-sombra
Vendor sells,EQ-ARMCHAIR-MOD,Armchair,Furniture store,dueno-del-mar,SHOP-FURN-PORT,UNKNOWN,wiki_catalogue,https://drugdealersim.com/map?game=1708850&area=isla-sombra
Vendor sells,EQ-ARMCHAIR-BAS,Armchair,Furniture store,paraiso-peninsular,SHOP-FURN-PENI,UNKNOWN,wiki_catalogue,https://drugdealersim.com/map?game=1708850&area=isla-sombra
Vendor sells,EQ-ARMCHAIR-MOD,Armchair,Furniture store,paraiso-peninsular,SHOP-FURN-PENI,UNKNOWN,wiki_catalogue,https://drugdealersim.com/map?game=1708850&area=isla-sombra
Vendor sells,EQ-BACKPACK-HANGER,Backpack hanger,Furniture store,archipelago,SHOP-FURN-ARCH,UNKNOWN,wiki_catalogue,https://drugdealersim.com/map?game=1708850&area=isla-sombra
Vendor sells,EQ-BACKPACK-HANGER,Backpack hanger,Furniture store,dueno-del-mar,SHOP-FURN-PORT,UNKNOWN,wiki_catalogue,https://drugdealersim.com/map?game=1708850&area=isla-sombra
Vendor sells,EQ-BACKPACK-HANGER,Backpack hanger,Furniture store,la-colina-sangrienta,SHOP-FURN-JAM,UNKNOWN,wiki_catalogue,https://drugdealersim.com/map?game=1708850&area=isla-sombra
Vendor sells,EQ-BACKPACK-HANGER,Backpack hanger,Furniture store,paraiso-peninsular,SHOP-FURN-PENI,UNKNOWN,wiki_catalogue,https://drugdealersim.com/map?game=1708850&area=isla-sombra
Vendor sells,EQ-BACKPACK-HANGER,Backpack hanger,Furniture store,slavs-bay,SHOP-FURN-SLAV,UNKNOWN,wiki_catalogue,https://drugdealersim.com/map?game=1708850&area=isla-sombra
Vendor sells,UNKNOWN,Baggies,Marcus,small-island,UNKNOWN,UNKNOWN,wiki_catalogue,https://drugdealersim.com/map?game=1708850&area=isla-sombra
Vendor sells,UNKNOWN,Baggies,Shop - Luciano Cruz,archipelago,UNKNOWN,UNKNOWN,wiki_catalogue,https://drugdealersim.com/map?game=1708850&area=isla-sombra
Vendor sells,CLOTH-BALACLAVA,Balaclava,Hardware store,callejon,SHOP-CLOTH-MEX1,UNKNOWN,wiki_catalogue,https://drugdealersim.com/map?game=1708850&area=isla-sombra
Vendor sells,CLOTH-BALACLAVA,Balaclava,Pub,callejon,SHOP-FUN2-MEX1,UNKNOWN,wiki_catalogue,https://drugdealersim.com/map?game=1708850&area=isla-sombra
Vendor sells,CLOTH-BALACLAVA,Balaclava,Second hand store,archipelago,SHOP-CLOTH-ARCH,UNKNOWN,wiki_catalogue,https://drugdealersim.com/map?game=1708850&area=isla-sombra
Vendor sells,CLOTH-BALACLAVA,Balaclava,Second hand store,archipelago,SHOP-CLOTH-ARCH,UNKNOWN,wiki_catalogue,https://drugdealersim.com/map?game=1708850&area=isla-sombra
Vendor sells,CLOTH-BALACLAVA,Balaclava,Second hand store,slavs-bay,SHOP-CLOTH-SLAV,UNKNOWN,wiki_catalogue,https://drugdealersim.com/map?game=1708850&area=isla-sombra
Vendor sells,MED-BANDAGE,Bandage,General store,callejon,SHOP-GENE-MEX1,UNKNOWN,wiki_catalogue,https://drugdealersim.com/map?game=1708850&area=isla-sombra
Vendor sells,MED-BANDAGE,Bandage,General store,dueno-del-mar,SHOP-GENE-PORT,UNKNOWN,wiki_catalogue,https://drugdealersim.com/map?game=1708850&area=isla-sombra
Vendor sells,MED-BANDAGE,Bandage,General store,jungle,SHOP-GENE-MEX2,UNKNOWN,wiki_catalogue,https://drugdealersim.com/map?game=1708850&area=isla-sombra
Vendor sells,MED-BANDAGE,Bandage,General store,la-colina-sangrienta,SHOP-GENE-JAM,UNKNOWN,wiki_catalogue,https://drugdealersim.com/map?game=1708850&area=isla-sombra
Vendor sells,MED-BANDAGE,Bandage,General store,slavs-bay,SHOP-GENE-SLAV,UNKNOWN,wiki_catalogue,https://drugdealersim.com/map?game=1708850&area=isla-sombra
Vendor sells,MED-BANDAGE,Bandage,Hardware store,callejon,SHOP-CLOTH-MEX1,UNKNOWN,wiki_catalogue,https://drugdealersim.com/map?game=1708850&area=isla-sombra
Vendor sells,MED-BANDAGE,Bandage,Mini-market,archipelago,SHOP-BIG-GENE-ARCH,UNKNOWN,wiki_catalogue,https://drugdealersim.com/map?game=1708850&area=isla-sombra
Vendor sells,MED-BANDAGE,Bandage,Mini-market,dueno-del-mar,SHOP-BIG-GENE-PORT,UNKNOWN,wiki_catalogue,https://drugdealersim.com/map?game=1708850&area=isla-sombra
Vendor sells,MED-BANDAGE,Bandage,Mini-market,paraiso-peninsular,SHOP-BIG-GENE-PENI,UNKNOWN,wiki_catalogue,https://drugdealersim.com/map?game=1708850&area=isla-sombra
Vendor sells,MED-BANDAGE,Bandage,Pharmacy,dueno-del-mar,SHOP-PHARM-PORT,UNKNOWN,wiki_catalogue,https://drugdealersim.com/map?game=1708850&area=isla-sombra
Vendor sells,MED-BANDAGE,Bandage,Pharmacy,paraiso-peninsular,SHOP-PHARM-PENI,UNKNOWN,wiki_catalogue,https://drugdealersim.com/map?game=1708850&area=isla-sombra
Vendor buys,TOOL-WEP-BAT,Baseball bat,Tom the Tech,UNKNOWN,buyer:tom-the-tech,1000,observed_in_game,"User-supplied in-game SELL screenshot, 2026-10-08"
Vendor sells,TOOL-WEP-BAT,Baseball bat,Hardware store,bahia-de-oro-favela,SHOP-HARD-CITY-FAV,UNKNOWN,wiki_catalogue,https://drugdealersim.com/map?game=1708850&area=isla-sombra
Vendor sells,TOOL-WEP-BAT,Baseball bat,Hardware store,jungle,SHOP-HARD-MEX2,UNKNOWN,wiki_catalogue,https://drugdealersim.com/map?game=1708850&area=isla-sombra
Vendor sells,TOOL-WEP-BAT,Baseball bat,Hardware store,la-colina-sangrienta,SHOP-HARD-JAM,UNKNOWN,wiki_catalogue,https://drugdealersim.com/map?game=1708850&area=isla-sombra
Vendor sells,TOOL-WEP-BAT,Baseball bat,Hardware store,volcano-island,SHOP-HARD-VOL,UNKNOWN,wiki_catalogue,https://drugdealersim.com/map?game=1708850&area=isla-sombra
Vendor sells,CLOTH-CAP,Baseball cap,Exclusive boutique,dueno-del-mar,SHOP-CLOTH-PORT,UNKNOWN,wiki_catalogue,https://drugdealersim.com/map?game=1708850&area=isla-sombra
Vendor sells,CLOTH-CAP,Baseball cap,General store,dueno-del-mar,SHOP-GENE-PORT,UNKNOWN,wiki_catalogue,https://drugdealersim.com/map?game=1708850&area=isla-sombra
Vendor sells,CLOTH-CAP,Baseball cap,General store,slavs-bay,SHOP-GENE-SLAV,UNKNOWN,wiki_catalogue,https://drugdealersim.com/map?game=1708850&area=isla-sombra
Vendor sells,CLOTH-CAP,Baseball cap,Hardware store,callejon,SHOP-CLOTH-MEX1,UNKNOWN,wiki_catalogue,https://drugdealersim.com/map?game=1708850&area=isla-sombra
Vendor sells,CLOTH-CAP,Baseball cap,Mini-market,archipelago,SHOP-BIG-GENE-ARCH,UNKNOWN,wiki_catalogue,https://drugdealersim.com/map?game=1708850&area=isla-sombra
Vendor sells,CLOTH-CAP,Baseball cap,Mini-market,dueno-del-mar,SHOP-BIG-GENE-PORT,UNKNOWN,wiki_catalogue,https://drugdealersim.com/map?game=1708850&area=isla-sombra
Vendor sells,CLOTH-CAP,Baseball cap,Mini-market,paraiso-peninsular,SHOP-BIG-GENE-PENI,UNKNOWN,wiki_catalogue,https://drugdealersim.com/map?game=1708850&area=isla-sombra
Vendor sells,CLOTH-CAP,Baseball cap,Second hand store,archipelago,SHOP-CLOTH-ARCH,UNKNOWN,wiki_catalogue,https://drugdealersim.com/map?game=1708850&area=isla-sombra
Vendor sells,CLOTH-CAP,Baseball cap,Second hand store,archipelago,SHOP-CLOTH-ARCH,UNKNOWN,wiki_catalogue,https://drugdealersim.com/map?game=1708850&area=isla-sombra
Vendor sells,CLOTH-CAP-01,Baseball cap,Second hand store,archipelago,SHOP-CLOTH-ARCH,UNKNOWN,wiki_catalogue,https://drugdealersim.com/map?game=1708850&area=isla-sombra
Vendor sells,CLOTH-CAP-02,Baseball cap,Second hand store,archipelago,SHOP-CLOTH-ARCH,UNKNOWN,wiki_catalogue,https://drugdealersim.com/map?game=1708850&area=isla-sombra
Vendor sells,CLOTH-CAP,Baseball cap,Second hand store,slavs-bay,SHOP-CLOTH-SLAV,UNKNOWN,wiki_catalogue,https://drugdealersim.com/map?game=1708850&area=isla-sombra
Vendor sells,CLOTH-CAP-01,Baseball cap,Second hand store,slavs-bay,SHOP-CLOTH-SLAV,UNKNOWN,wiki_catalogue,https://drugdealersim.com/map?game=1708850&area=isla-sombra
Vendor sells,CLOTH-CAP-02,Baseball cap,Second hand store,slavs-bay,SHOP-CLOTH-SLAV,UNKNOWN,wiki_catalogue,https://drugdealersim.com/map?game=1708850&area=isla-sombra
Vendor sells,CLOTH-BEANIE,Beanie,Exclusive boutique,dueno-del-mar,SHOP-CLOTH-PORT,UNKNOWN,wiki_catalogue,https://drugdealersim.com/map?game=1708850&area=isla-sombra
Vendor sells,CLOTH-BEANIE,Beanie,Hardware store,callejon,SHOP-CLOTH-MEX1,UNKNOWN,wiki_catalogue,https://drugdealersim.com/map?game=1708850&area=isla-sombra
Vendor sells,CLOTH-BEANIE,Beanie,Second hand store,archipelago,SHOP-CLOTH-ARCH,UNKNOWN,wiki_catalogue,https://drugdealersim.com/map?game=1708850&area=isla-sombra
Vendor sells,CLOTH-BEANIE,Beanie,Second hand store,slavs-bay,SHOP-CLOTH-SLAV,UNKNOWN,wiki_catalogue,https://drugdealersim.com/map?game=1708850&area=isla-sombra
Vendor sells,EQ-BED-BAS,Bed,Furniture store,archipelago,SHOP-FURN-ARCH,UNKNOWN,wiki_catalogue,https://drugdealersim.com/map?game=1708850&area=isla-sombra
Vendor sells,EQ-BED-MOD,Bed,Furniture store,archipelago,SHOP-FURN-ARCH,UNKNOWN,wiki_catalogue,https://drugdealersim.com/map?game=1708850&area=isla-sombra
Vendor sells,EQ-BED-BAS,Bed,Furniture store,dueno-del-mar,SHOP-FURN-PORT,UNKNOWN,wiki_catalogue,https://drugdealersim.com/map?game=1708850&area=isla-sombra
Vendor sells,EQ-BED-BAS-02,Bed,Furniture store,dueno-del-mar,SHOP-FURN-PORT,UNKNOWN,wiki_catalogue,https://drugdealersim.com/map?game=1708850&area=isla-sombra
Vendor sells,EQ-BED-BAS-03,Bed,Furniture store,dueno-del-mar,SHOP-FURN-PORT,UNKNOWN,wiki_catalogue,https://drugdealersim.com/map?game=1708850&area=isla-sombra
Vendor sells,EQ-BED-MOD,Bed,Furniture store,dueno-del-mar,SHOP-FURN-PORT,UNKNOWN,wiki_catalogue,https://drugdealersim.com/map?game=1708850&area=isla-sombra
Vendor sells,EQ-BED-VINT,Bed,Furniture store,dueno-del-mar,SHOP-FURN-PORT,UNKNOWN,wiki_catalogue,https://drugdealersim.com/map?game=1708850&area=isla-sombra
Vendor sells,EQ-BED-BAS,Bed,Furniture store,la-colina-sangrienta,SHOP-FURN-JAM,UNKNOWN,wiki_catalogue,https://drugdealersim.com/map?game=1708850&area=isla-sombra
Vendor sells,EQ-BED-BAS,Bed,Furniture store,paraiso-peninsular,SHOP-FURN-PENI,UNKNOWN,wiki_catalogue,https://drugdealersim.com/map?game=1708850&area=isla-sombra
Vendor sells,EQ-BED-BAS-02,Bed,Furniture store,paraiso-peninsular,SHOP-FURN-PENI,UNKNOWN,wiki_catalogue,https://drugdealersim.com/map?game=1708850&area=isla-sombra
Vendor sells,EQ-BED-BAS-03,Bed,Furniture store,paraiso-peninsular,SHOP-FURN-PENI,UNKNOWN,wiki_catalogue,https://drugdealersim.com/map?game=1708850&area=isla-sombra
Vendor sells,EQ-BED-MOD,Bed,Furniture store,paraiso-peninsular,SHOP-FURN-PENI,UNKNOWN,wiki_catalogue,https://drugdealersim.com/map?game=1708850&area=isla-sombra
Vendor sells,EQ-BED-BAS,Bed,Furniture store,slavs-bay,SHOP-FURN-SLAV,UNKNOWN,wiki_catalogue,https://drugdealersim.com/map?game=1708850&area=isla-sombra
Vendor sells,EQ-NIGHTSTAND-VINT,Bedside table,Furniture store,dueno-del-mar,SHOP-FURN-PORT,UNKNOWN,wiki_catalogue,https://drugdealersim.com/map?game=1708850&area=isla-sombra
Vendor sells,DRINK-BEER,Beer,Bar,archipelago,SHOP-FUN-ARCH,UNKNOWN,wiki_catalogue,https://drugdealersim.com/map?game=1708850&area=isla-sombra
Vendor sells,DRINK-BEER,Beer,Bar,bahia-de-oro-favela,SHOP-FUN-CITY-FAV,UNKNOWN,wiki_catalogue,https://drugdealersim.com/map?game=1708850&area=isla-sombra
Vendor sells,DRINK-BEER,Beer,Bar,dueno-del-mar,SHOP-FUN-PORT,UNKNOWN,wiki_catalogue,https://drugdealersim.com/map?game=1708850&area=isla-sombra
Vendor sells,DRINK-BEER,Beer,Bar,jungle,SHOP-FUN-MEX2,UNKNOWN,wiki_catalogue,https://drugdealersim.com/map?game=1708850&area=isla-sombra
Vendor sells,DRINK-BEER,Beer,Barbeque spot,la-colina-sangrienta,SHOP-FUN-JAM,UNKNOWN,wiki_catalogue,https://drugdealersim.com/map?game=1708850&area=isla-sombra
Vendor sells,DRINK-BEER,Beer,Beer stand,paraiso-peninsular,SHOP-FUN2-PENI,UNKNOWN,wiki_catalogue,https://drugdealersim.com/map?game=1708850&area=isla-sombra
Vendor sells,DRINK-BEER,Beer,Club,dueno-del-mar,SHOP-FUN2-PORT,UNKNOWN,wiki_catalogue,https://drugdealersim.com/map?game=1708850&area=isla-sombra
Vendor sells,DRINK-BEER,Beer,Club,paraiso-peninsular,SHOP-FUN3-PENI,UNKNOWN,wiki_catalogue,https://drugdealersim.com/map?game=1708850&area=isla-sombra
Vendor sells,DRINK-BEER,Beer,Club,volcano-island,SHOP-FUN-VOL,UNKNOWN,wiki_catalogue,https://drugdealersim.com/map?game=1708850&area=isla-sombra
Vendor sells,DRINK-BEER,Beer,General store,callejon,SHOP-GENE-MEX1,UNKNOWN,wiki_catalogue,https://drugdealersim.com/map?game=1708850&area=isla-sombra
Vendor sells,DRINK-BEER,Beer,General store,jungle,SHOP-GENE-MEX2,UNKNOWN,wiki_catalogue,https://drugdealersim.com/map?game=1708850&area=isla-sombra
Vendor sells,DRINK-BEER,Beer,Mini-market,archipelago,SHOP-BIG-GENE-ARCH,UNKNOWN,wiki_catalogue,https://drugdealersim.com/map?game=1708850&area=isla-sombra
Vendor sells,DRINK-BEER,Beer,Mini-market,dueno-del-mar,SHOP-BIG-GENE-PORT,UNKNOWN,wiki_catalogue,https://drugdealersim.com/map?game=1708850&area=isla-sombra
Vendor sells,DRINK-BEER,Beer,Mini-market,paraiso-peninsular,SHOP-BIG-GENE-PENI,UNKNOWN,wiki_catalogue,https://drugdealersim.com/map?game=1708850&area=isla-sombra
Vendor sells,DRINK-BEER,Beer,Pub,callejon,SHOP-FUN2-MEX1,UNKNOWN,wiki_catalogue,https://drugdealersim.com/map?game=1708850&area=isla-sombra
Vendor sells,DRINK-BEER,Beer,Pub,callejon,SHOP-FUN-MEX1,UNKNOWN,wiki_catalogue,https://drugdealersim.com/map?game=1708850&area=isla-sombra
Vendor sells,DRINK-BEER,Beer,Pub,slavs-bay,SHOP-FUN-SLAV,UNKNOWN,wiki_catalogue,https://drugdealersim.com/map?game=1708850&area=isla-sombra
Vendor sells,DRINK-BEER,Beer,Restaurant,bahia-de-oro-villa,SHOP-FUN-CITY-BUS,UNKNOWN,wiki_catalogue,https://drugdealersim.com/map?game=1708850&area=isla-sombra
Vendor sells,DRINK-BEER,Beer,Restaurant,paraiso-peninsular,SHOP-FUN-PENI,UNKNOWN,wiki_catalogue,https://drugdealersim.com/map?game=1708850&area=isla-sombra
Vendor sells,DRINK-BEER,Beer,Small shop,dueno-del-mar,SHOP-FUN-STR,UNKNOWN,wiki_catalogue,https://drugdealersim.com/map?game=1708850&area=isla-sombra
Vendor sells,DRINK-BEER,Beer,Small shop,small-island,SHOP-GENE-BUNK,UNKNOWN,wiki_catalogue,https://drugdealersim.com/map?game=1708850&area=isla-sombra
Vendor sells,DRINK-BEER,Beer,Techno Club,bahia-de-oro-favela,SHOP-FUN2-CITY-FAV,UNKNOWN,wiki_catalogue,https://drugdealersim.com/map?game=1708850&area=isla-sombra
Vendor sells,ITEM-BLOTTER,Blank blotter,Construction store,slavs-bay,SHOP-CHEM-SLAV,UNKNOWN,wiki_catalogue,https://drugdealersim.com/map?game=1708850&area=isla-sombra
Vendor sells,ITEM-BLOTTER,Blank blotter,General store,callejon,SHOP-GENE-MEX1,UNKNOWN,wiki_catalogue,https://drugdealersim.com/map?game=1708850&area=isla-sombra
Vendor sells,ITEM-BLOTTER,Blank blotter,General store,dueno-del-mar,SHOP-GENE-PORT,UNKNOWN,wiki_catalogue,https://drugdealersim.com/map?game=1708850&area=isla-sombra
Vendor sells,ITEM-BLOTTER,Blank blotter,General store,jungle,SHOP-GENE-MEX2,UNKNOWN,wiki_catalogue,https://drugdealersim.com/map?game=1708850&area=isla-sombra
Vendor sells,ITEM-BLOTTER,Blank blotter,General store,la-colina-sangrienta,SHOP-GENE-JAM,UNKNOWN,wiki_catalogue,https://drugdealersim.com/map?game=1708850&area=isla-sombra
Vendor sells,ITEM-BLOTTER,Blank blotter,General store,slavs-bay,SHOP-GENE-SLAV,UNKNOWN,wiki_catalogue,https://drugdealersim.com/map?game=1708850&area=isla-sombra
Vendor sells,ITEM-BLOTTER,Blank blotter,LSD Bum,paraiso-peninsular,SHOP-DRUGS-LSD,UNKNOWN,wiki_catalogue,https://drugdealersim.com/map?game=1708850&area=isla-sombra
Vendor sells,UNKNOWN,Blank Blotter,Marcus,small-island,UNKNOWN,UNKNOWN,wiki_catalogue,https://drugdealersim.com/map?game=1708850&area=isla-sombra
Vendor sells,ITEM-BLOTTER,Blank blotter,Marcus' laboratory,archipelago,SHOP-DRUGS-AMPH,UNKNOWN,wiki_catalogue,https://drugdealersim.com/map?game=1708850&area=isla-sombra
Vendor sells,ITEM-BLOTTER,Blank blotter,Meth store,jungle,SHOP-DRUGS-METH,UNKNOWN,wiki_catalogue,https://drugdealersim.com/map?game=1708850&area=isla-sombra
Vendor sells,ITEM-BLOTTER,Blank blotter,Mini-market,archipelago,SHOP-BIG-GENE-ARCH,UNKNOWN,wiki_catalogue,https://drugdealersim.com/map?game=1708850&area=isla-sombra
Vendor sells,ITEM-BLOTTER,Blank blotter,Mini-market,dueno-del-mar,SHOP-BIG-GENE-PORT,UNKNOWN,wiki_catalogue,https://drugdealersim.com/map?game=1708850&area=isla-sombra
Vendor sells,ITEM-BLOTTER,Blank blotter,Mini-market,paraiso-peninsular,SHOP-BIG-GENE-PENI,UNKNOWN,wiki_catalogue,https://drugdealersim.com/map?game=1708850&area=isla-sombra
Vendor sells,ITEM-BLOTTER,Blank blotter,Outdoor weed store,slavs-bay,SHOP-DRUGS-SAT,UNKNOWN,wiki_catalogue,https://drugdealersim.com/map?game=1708850&area=isla-sombra
Vendor sells,ITEM-BLOTTER,Blank blotter,Weed store,archipelago,SHOP-DRUGS-IND,UNKNOWN,wiki_catalogue,https://drugdealersim.com/map?game=1708850&area=isla-sombra
Vendor buys,TOOL-BOLT-CUTTER,Bolt cutter,Tom the Tech,UNKNOWN,buyer:tom-the-tech,800,observed_in_game,"User-supplied in-game SELL screenshot, 2026-10-08"
Vendor sells,TOOL-BOLT-CUTTER,Bolt cutter,Hardware store,bahia-de-oro-favela,SHOP-HARD-CITY-FAV,UNKNOWN,wiki_catalogue,https://drugdealersim.com/map?game=1708850&area=isla-sombra
Vendor sells,TOOL-BOLT-CUTTER,Bolt cutter,Hardware store,callejon,SHOP-CLOTH-MEX1,UNKNOWN,wiki_catalogue,https://drugdealersim.com/map?game=1708850&area=isla-sombra
Vendor sells,TOOL-BOLT-CUTTER,Bolt cutter,Hardware store,jungle,SHOP-HARD-MEX2,UNKNOWN,wiki_catalogue,https://drugdealersim.com/map?game=1708850&area=isla-sombra
Vendor sells,TOOL-BOLT-CUTTER,Bolt cutter,Hardware store,la-colina-sangrienta,SHOP-HARD-JAM,UNKNOWN,wiki_catalogue,https://drugdealersim.com/map?game=1708850&area=isla-sombra
Vendor sells,TOOL-BOLT-CUTTER,Bolt cutter,Hardware store,volcano-island,SHOP-HARD-VOL,UNKNOWN,wiki_catalogue,https://drugdealersim.com/map?game=1708850&area=isla-sombra
Vendor sells,TOOL-BOLT-CUTTER,Bolt cutter,Military equipment shop,dueno-del-mar,SHOP-HARD-PORT,UNKNOWN,wiki_catalogue,https://drugdealersim.com/map?game=1708850&area=isla-sombra
Vendor sells,TOOL-BOLT-CUTTER,Bolt cutter,Pub,callejon,SHOP-FUN2-MEX1,UNKNOWN,wiki_catalogue,https://drugdealersim.com/map?game=1708850&area=isla-sombra
Vendor sells,ITEM-BOMB,Bomb,Hardware store,bahia-de-oro-favela,SHOP-HARD-CITY-FAV,UNKNOWN,wiki_catalogue,https://drugdealersim.com/map?game=1708850&area=isla-sombra
Vendor sells,ITEM-BOMB,Bomb,Hardware store,la-colina-sangrienta,SHOP-HARD-JAM,UNKNOWN,wiki_catalogue,https://drugdealersim.com/map?game=1708850&area=isla-sombra
Vendor sells,ITEM-BOMB,Bomb,Hardware store,volcano-island,SHOP-HARD-VOL,UNKNOWN,wiki_catalogue,https://drugdealersim.com/map?game=1708850&area=isla-sombra
Vendor sells,ITEM-BOMB,Bomb,Pub,callejon,SHOP-FUN2-MEX1,UNKNOWN,wiki_catalogue,https://drugdealersim.com/map?game=1708850&area=isla-sombra
Vendor sells,KEY-VEH-YACHT-BONG-VOYAGE,Bong Voyage,Boat Seller,dueno-del-mar,SHOP-BOAT-PORT,UNKNOWN,wiki_catalogue,https://drugdealersim.com/map?game=1708850&area=isla-sombra
Vendor sells,EQ-BOOKSHELF-BAS,Bookshelf,Furniture store,archipelago,SHOP-FURN-ARCH,UNKNOWN,wiki_catalogue,https://drugdealersim.com/map?game=1708850&area=isla-sombra
Vendor sells,EQ-BOOKSHELF-MOD,Bookshelf,Furniture store,archipelago,SHOP-FURN-ARCH,UNKNOWN,wiki_catalogue,https://drugdealersim.com/map?game=1708850&area=isla-sombra
Vendor sells,EQ-BOOKSHELF-BAS,Bookshelf,Furniture store,dueno-del-mar,SHOP-FURN-PORT,UNKNOWN,wiki_catalogue,https://drugdealersim.com/map?game=1708850&area=isla-sombra
Vendor sells,EQ-BOOKSHELF-MOD,Bookshelf,Furniture store,dueno-del-mar,SHOP-FURN-PORT,UNKNOWN,wiki_catalogue,https://drugdealersim.com/map?game=1708850&area=isla-sombra
Vendor sells,EQ-BOOKSHELF-BAS,Bookshelf,Furniture store,la-colina-sangrienta,SHOP-FURN-JAM,UNKNOWN,wiki_catalogue,https://drugdealersim.com/map?game=1708850&area=isla-sombra
Vendor sells,EQ-BOOKSHELF-INDU,Bookshelf,Furniture store,la-colina-sangrienta,SHOP-FURN-JAM,UNKNOWN,wiki_catalogue,https://drugdealersim.com/map?game=1708850&area=isla-sombra
Vendor sells,EQ-BOOKSHELF-BAS,Bookshelf,Furniture store,paraiso-peninsular,SHOP-FURN-PENI,UNKNOWN,wiki_catalogue,https://drugdealersim.com/map?game=1708850&area=isla-sombra
Vendor sells,EQ-BOOKSHELF-MOD,Bookshelf,Furniture store,paraiso-peninsular,SHOP-FURN-PENI,UNKNOWN,wiki_catalogue,https://drugdealersim.com/map?game=1708850&area=isla-sombra
Vendor sells,EQ-BOOKSHELF-BAS,Bookshelf,Furniture store,slavs-bay,SHOP-FURN-SLAV,UNKNOWN,wiki_catalogue,https://drugdealersim.com/map?game=1708850&area=isla-sombra
Vendor sells,MED-COUGH,Bottle of cough syrup,Pharmacy,dueno-del-mar,SHOP-PHARM-PORT,UNKNOWN,wiki_catalogue,https://drugdealersim.com/map?game=1708850&area=isla-sombra
Vendor sells,MED-COUGH,Bottle of cough syrup,Pharmacy,paraiso-peninsular,SHOP-PHARM-PENI,UNKNOWN,wiki_catalogue,https://drugdealersim.com/map?game=1708850&area=isla-sombra
Vendor sells,JEWEL-BRACELET,Bracelet,Pawn shop,bahia-de-oro-favela,SHOP-PAWN-CITY-FAV,UNKNOWN,wiki_catalogue,https://drugdealersim.com/map?game=1708850&area=isla-sombra
Vendor sells,JEWEL-BRACELET,Bracelet,Pawn shop,callejon,SHOP-PAWN-MEX1,UNKNOWN,wiki_catalogue,https://drugdealersim.com/map?game=1708850&area=isla-sombra
Vendor sells,JEWEL-BRACELET,Bracelet,Pawn shop,dueno-del-mar,SHOP-PAWN-PORT,UNKNOWN,wiki_catalogue,https://drugdealersim.com/map?game=1708850&area=isla-sombra
Vendor sells,JEWEL-BRACELET,Bracelet,Pawn shop,jungle,SHOP-PAWN-MEX2,UNKNOWN,wiki_catalogue,https://drugdealersim.com/map?game=1708850&area=isla-sombra
Vendor sells,JEWEL-BRACELET,Bracelet,Pawn shop,la-colina-sangrienta,SHOP-PAWN-JAM,UNKNOWN,wiki_catalogue,https://drugdealersim.com/map?game=1708850&area=isla-sombra
Vendor sells,JEWEL-BRACELET,Bracelet,Pawn shop,paraiso-peninsular,SHOP-PAWN-PENI,UNKNOWN,wiki_catalogue,https://drugdealersim.com/map?game=1708850&area=isla-sombra
Vendor sells,JEWEL-BRACELET,Bracelet,Pawn shop,slavs-bay,SHOP-PAWN-SLAV,UNKNOWN,wiki_catalogue,https://drugdealersim.com/map?game=1708850&area=isla-sombra
Vendor sells,LABEQ-BUCKET-MIXER,Bucket,Equipment and upgrade store,la-colina-sangrienta,SHOP-LABEQ-JAM,UNKNOWN,wiki_catalogue,https://drugdealersim.com/map?game=1708850&area=isla-sombra
Vendor sells,LABEQ-BUCKET-MIXER,Bucket,Equipment store,archipelago,SHOP-LABEQ-ARCH,UNKNOWN,wiki_catalogue,https://drugdealersim.com/map?game=1708850&area=isla-sombra
Vendor sells,LABEQ-BUCKET-MIXER,Bucket,Ghetto equipment store,bahia-de-oro-favela,SHOP-LABEQ-CITY-FAV,UNKNOWN,wiki_catalogue,https://drugdealersim.com/map?game=1708850&area=isla-sombra
Vendor sells,LABEQ-BUCKET-MIXER,Bucket,Ghetto equipment store,slavs-bay,SHOP-LABEQ-SLAV,UNKNOWN,wiki_catalogue,https://drugdealersim.com/map?game=1708850&area=isla-sombra
Vendor sells,ITEM-BUS-TICKET,Bus ticket,Exclusive boutique,dueno-del-mar,SHOP-CLOTH-PORT,UNKNOWN,wiki_catalogue,https://drugdealersim.com/map?game=1708850&area=isla-sombra
Vendor sells,ITEM-BUS-TICKET,Bus ticket,Exclusive boutique,paraiso-peninsular,SHOP-CLOTH-PENI,UNKNOWN,wiki_catalogue,https://drugdealersim.com/map?game=1708850&area=isla-sombra
Vendor sells,ITEM-BUS-TICKET,Bus ticket,Fuel depot,archipelago,SHOP-GAS-ARCH,UNKNOWN,wiki_catalogue,https://drugdealersim.com/map?game=1708850&area=isla-sombra
Vendor sells,ITEM-BUS-TICKET,Bus ticket,General store,archipelago,SHOP-GENE-ARCH,UNKNOWN,wiki_catalogue,https://drugdealersim.com/map?game=1708850&area=isla-sombra
Vendor sells,ITEM-BUS-TICKET,Bus ticket,General store,callejon,SHOP-GENE-MEX1,UNKNOWN,wiki_catalogue,https://drugdealersim.com/map?game=1708850&area=isla-sombra
Vendor sells,ITEM-BUS-TICKET,Bus ticket,General store,dueno-del-mar,SHOP-GENE-PORT,UNKNOWN,wiki_catalogue,https://drugdealersim.com/map?game=1708850&area=isla-sombra
Vendor sells,ITEM-BUS-TICKET,Bus ticket,General store,jungle,SHOP-GENE-MEX2,UNKNOWN,wiki_catalogue,https://drugdealersim.com/map?game=1708850&area=isla-sombra
Vendor sells,ITEM-BUS-TICKET,Bus ticket,General store,la-colina-sangrienta,SHOP-GENE-JAM,UNKNOWN,wiki_catalogue,https://drugdealersim.com/map?game=1708850&area=isla-sombra
Vendor sells,ITEM-BUS-TICKET,Bus ticket,General store,slavs-bay,SHOP-GENE-SLAV,UNKNOWN,wiki_catalogue,https://drugdealersim.com/map?game=1708850&area=isla-sombra
Vendor sells,ITEM-BUS-TICKET,Bus ticket,Hardware store,bahia-de-oro-favela,SHOP-HARD-CITY-FAV,UNKNOWN,wiki_catalogue,https://drugdealersim.com/map?game=1708850&area=isla-sombra
Vendor sells,ITEM-BUS-TICKET,Bus ticket,Hardware store,callejon,SHOP-CLOTH-MEX1,UNKNOWN,wiki_catalogue,https://drugdealersim.com/map?game=1708850&area=isla-sombra
Vendor sells,ITEM-BUS-TICKET,Bus ticket,Hardware store,jungle,SHOP-HARD-MEX2,UNKNOWN,wiki_catalogue,https://drugdealersim.com/map?game=1708850&area=isla-sombra
Vendor sells,ITEM-BUS-TICKET,Bus ticket,Hardware store,la-colina-sangrienta,SHOP-HARD-JAM,UNKNOWN,wiki_catalogue,https://drugdealersim.com/map?game=1708850&area=isla-sombra
Vendor sells,ITEM-BUS-TICKET,Bus ticket,Mini-market,archipelago,SHOP-BIG-GENE-ARCH,UNKNOWN,wiki_catalogue,https://drugdealersim.com/map?game=1708850&area=isla-sombra
Vendor sells,ITEM-BUS-TICKET,Bus ticket,Mini-market,dueno-del-mar,SHOP-BIG-GENE-PORT,UNKNOWN,wiki_catalogue,https://drugdealersim.com/map?game=1708850&area=isla-sombra
Vendor sells,ITEM-BUS-TICKET,Bus ticket,Mini-market,paraiso-peninsular,SHOP-BIG-GENE-PENI,UNKNOWN,wiki_catalogue,https://drugdealersim.com/map?game=1708850&area=isla-sombra
Vendor sells,ITEM-BUS-TICKET,Bus ticket,Second hand store,archipelago,SHOP-CLOTH-ARCH,UNKNOWN,wiki_catalogue,https://drugdealersim.com/map?game=1708850&area=isla-sombra
Vendor sells,ITEM-BUS-TICKET,Bus ticket,Second hand store,slavs-bay,SHOP-CLOTH-SLAV,UNKNOWN,wiki_catalogue,https://drugdealersim.com/map?game=1708850&area=isla-sombra
Vendor sells,UNKNOWN,Bus Ticket,Shop - Luciano Cruz,archipelago,UNKNOWN,UNKNOWN,wiki_catalogue,https://drugdealersim.com/map?game=1708850&area=isla-sombra
Vendor sells,ITEM-BUS-TICKET,Bus ticket,Small shop,dueno-del-mar,SHOP-FUN-STR,UNKNOWN,wiki_catalogue,https://drugdealersim.com/map?game=1708850&area=isla-sombra
Vendor sells,ITEM-BUS-TICKET,Bus ticket,Small shop,small-island,SHOP-GENE-BUNK,UNKNOWN,wiki_catalogue,https://drugdealersim.com/map?game=1708850&area=isla-sombra
Vendor sells,KEY-VEH-YACHT-CABALLO,Caballo del Mar,Boat Seller,dueno-del-mar,SHOP-BOAT-PORT,UNKNOWN,wiki_catalogue,https://drugdealersim.com/map?game=1708850&area=isla-sombra
Vendor sells,EQ-CABINET-GHETTO,Cabinet,Furniture store,archipelago,SHOP-FURN-ARCH,UNKNOWN,wiki_catalogue,https://drugdealersim.com/map?game=1708850&area=isla-sombra
Vendor sells,EQ-CABINET-GHETTO,Cabinet,Furniture store,la-colina-sangrienta,SHOP-FURN-JAM,UNKNOWN,wiki_catalogue,https://drugdealersim.com/map?game=1708850&area=isla-sombra
Vendor sells,EQ-CABINET-GHETTO,Cabinet,Furniture store,slavs-bay,SHOP-FURN-SLAV,UNKNOWN,wiki_catalogue,https://drugdealersim.com/map?game=1708850&area=isla-sombra
Vendor sells,FOOD-CACAO-S,Cacao powder,General store,dueno-del-mar,SHOP-GENE-PORT,UNKNOWN,wiki_catalogue,https://drugdealersim.com/map?game=1708850&area=isla-sombra
Vendor sells,FOOD-CACAO-S,Cacao powder,General store,jungle,SHOP-GENE-MEX2,UNKNOWN,wiki_catalogue,https://drugdealersim.com/map?game=1708850&area=isla-sombra
Vendor sells,FOOD-CACAO-S,Cacao powder,General store,la-colina-sangrienta,SHOP-GENE-JAM,UNKNOWN,wiki_catalogue,https://drugdealersim.com/map?game=1708850&area=isla-sombra
Vendor sells,FOOD-CACAO-S,Cacao powder,General store,slavs-bay,SHOP-GENE-SLAV,UNKNOWN,wiki_catalogue,https://drugdealersim.com/map?game=1708850&area=isla-sombra
Vendor sells,FOOD-CACAO-S,Cacao powder,Mini-market,archipelago,SHOP-BIG-GENE-ARCH,UNKNOWN,wiki_catalogue,https://drugdealersim.com/map?game=1708850&area=isla-sombra
Vendor sells,FOOD-CACAO-S,Cacao powder,Mini-market,dueno-del-mar,SHOP-BIG-GENE-PORT,UNKNOWN,wiki_catalogue,https://drugdealersim.com/map?game=1708850&area=isla-sombra
Vendor sells,FOOD-CACAO-S,Cacao powder,Mini-market,paraiso-peninsular,SHOP-BIG-GENE-PENI,UNKNOWN,wiki_catalogue,https://drugdealersim.com/map?game=1708850&area=isla-sombra
Vendor sells,EQ-DECOR-CACTUS-01,Cactus sculpture,Furniture store,archipelago,SHOP-FURN-ARCH,UNKNOWN,wiki_catalogue,https://drugdealersim.com/map?game=1708850&area=isla-sombra
Vendor sells,EQ-DECOR-CACTUS-02,Cactus sculpture,Furniture store,archipelago,SHOP-FURN-ARCH,UNKNOWN,wiki_catalogue,https://drugdealersim.com/map?game=1708850&area=isla-sombra
Vendor sells,EQ-DECOR-CACTUS-03,Cactus sculpture,Furniture store,archipelago,SHOP-FURN-ARCH,UNKNOWN,wiki_catalogue,https://drugdealersim.com/map?game=1708850&area=isla-sombra
Vendor sells,EQ-DECOR-CACTUS-01,Cactus sculpture,Furniture store,dueno-del-mar,SHOP-FURN-PORT,UNKNOWN,wiki_catalogue,https://drugdealersim.com/map?game=1708850&area=isla-sombra
Vendor sells,EQ-DECOR-CACTUS-02,Cactus sculpture,Furniture store,dueno-del-mar,SHOP-FURN-PORT,UNKNOWN,wiki_catalogue,https://drugdealersim.com/map?game=1708850&area=isla-sombra
Vendor sells,EQ-DECOR-CACTUS-03,Cactus sculpture,Furniture store,dueno-del-mar,SHOP-FURN-PORT,UNKNOWN,wiki_catalogue,https://drugdealersim.com/map?game=1708850&area=isla-sombra
Vendor sells,EQ-DECOR-CACTUS-01,Cactus sculpture,Furniture store,paraiso-peninsular,SHOP-FURN-PENI,UNKNOWN,wiki_catalogue,https://drugdealersim.com/map?game=1708850&area=isla-sombra
Vendor sells,EQ-DECOR-CACTUS-02,Cactus sculpture,Furniture store,paraiso-peninsular,SHOP-FURN-PENI,UNKNOWN,wiki_catalogue,https://drugdealersim.com/map?game=1708850&area=isla-sombra
Vendor sells,EQ-DECOR-CACTUS-03,Cactus sculpture,Furniture store,paraiso-peninsular,SHOP-FURN-PENI,UNKNOWN,wiki_catalogue,https://drugdealersim.com/map?game=1708850&area=isla-sombra
Vendor sells,EQ-DECOR-CACTUS-01,Cactus sculpture,Furniture store,slavs-bay,SHOP-FURN-SLAV,UNKNOWN,wiki_catalogue,https://drugdealersim.com/map?game=1708850&area=isla-sombra
Vendor sells,EQ-DECOR-CACTUS-02,Cactus sculpture,Furniture store,slavs-bay,SHOP-FURN-SLAV,UNKNOWN,wiki_catalogue,https://drugdealersim.com/map?game=1708850&area=isla-sombra
Vendor sells,EQ-DECOR-CACTUS-03,Cactus sculpture,Furniture store,slavs-bay,SHOP-FURN-SLAV,UNKNOWN,wiki_catalogue,https://drugdealersim.com/map?game=1708850&area=isla-sombra
Vendor sells,EQ-DECOR-VINT-02,Candle,Furniture store,dueno-del-mar,SHOP-FURN-PORT,UNKNOWN,wiki_catalogue,https://drugdealersim.com/map?game=1708850&area=isla-sombra
Vendor sells,EQ-DECOR-VINT-03,Candle,Furniture store,dueno-del-mar,SHOP-FURN-PORT,UNKNOWN,wiki_catalogue,https://drugdealersim.com/map?game=1708850&area=isla-sombra
Vendor sells,EQ-DECOR-VD-CANDLES-01,Candles,Furniture store,la-colina-sangrienta,SHOP-FURN-JAM,UNKNOWN,wiki_catalogue,https://drugdealersim.com/map?game=1708850&area=isla-sombra
Vendor sells,DRUG-WEED-IND-PACK-10G,Cannabis Indica,Weed store,archipelago,SHOP-DRUGS-IND,UNKNOWN,wiki_catalogue,https://drugdealersim.com/map?game=1708850&area=isla-sombra
Vendor sells,DRUG-WEED-SAT-PACK-10G,Cannabis Sativa,Outdoor weed store,slavs-bay,SHOP-DRUGS-SAT,UNKNOWN,wiki_catalogue,https://drugdealersim.com/map?game=1708850&area=isla-sombra
Vendor sells,KEY-VEH-CAR-2,Car,Bogdan the Mechanic,slavs-bay,SHOP-MECH-SLAV,UNKNOWN,wiki_catalogue,https://drugdealersim.com/map?game=1708850&area=isla-sombra
Vendor sells,KEY-VEH-CAR,Car,Mechanic,archipelago,SHOP-MECH-ARCH,UNKNOWN,wiki_catalogue,https://drugdealersim.com/map?game=1708850&area=isla-sombra
Vendor sells,UNKNOWN,Cash (L),Shop - Luciano Cruz,archipelago,UNKNOWN,UNKNOWN,wiki_catalogue,https://drugdealersim.com/map?game=1708850&area=isla-sombra
Vendor sells,MONEY-LOCAL-LARGE,Cash (large),Exclusive boutique,dueno-del-mar,SHOP-CLOTH-PORT,UNKNOWN,wiki_catalogue,https://drugdealersim.com/map?game=1708850&area=isla-sombra
Vendor sells,MONEY-LOCAL-LARGE,Cash (large),Exclusive boutique,paraiso-peninsular,SHOP-CLOTH-PENI,UNKNOWN,wiki_catalogue,https://drugdealersim.com/map?game=1708850&area=isla-sombra
Vendor sells,MONEY-LOCAL-LARGE,Cash (large),General store,archipelago,SHOP-GENE-ARCH,UNKNOWN,wiki_catalogue,https://drugdealersim.com/map?game=1708850&area=isla-sombra
Vendor sells,MONEY-LOCAL-LARGE,Cash (large),General store,callejon,SHOP-GENE-MEX1,UNKNOWN,wiki_catalogue,https://drugdealersim.com/map?game=1708850&area=isla-sombra
Vendor sells,MONEY-LOCAL-LARGE,Cash (large),General store,dueno-del-mar,SHOP-GENE-PORT,UNKNOWN,wiki_catalogue,https://drugdealersim.com/map?game=1708850&area=isla-sombra
Vendor sells,MONEY-LOCAL-LARGE,Cash (large),General store,jungle,SHOP-GENE-MEX2,UNKNOWN,wiki_catalogue,https://drugdealersim.com/map?game=1708850&area=isla-sombra
Vendor sells,MONEY-LOCAL-LARGE,Cash (large),General store,la-colina-sangrienta,SHOP-GENE-JAM,UNKNOWN,wiki_catalogue,https://drugdealersim.com/map?game=1708850&area=isla-sombra
Vendor sells,MONEY-LOCAL-LARGE,Cash (large),General store,slavs-bay,SHOP-GENE-SLAV,UNKNOWN,wiki_catalogue,https://drugdealersim.com/map?game=1708850&area=isla-sombra
Vendor sells,MONEY-LOCAL-LARGE,Cash (large),Hardware store,bahia-de-oro-favela,SHOP-HARD-CITY-FAV,UNKNOWN,wiki_catalogue,https://drugdealersim.com/map?game=1708850&area=isla-sombra
Vendor sells,MONEY-LOCAL-LARGE,Cash (large),Hardware store,callejon,SHOP-CLOTH-MEX1,UNKNOWN,wiki_catalogue,https://drugdealersim.com/map?game=1708850&area=isla-sombra
Vendor sells,MONEY-LOCAL-LARGE,Cash (large),Hardware store,jungle,SHOP-HARD-MEX2,UNKNOWN,wiki_catalogue,https://drugdealersim.com/map?game=1708850&area=isla-sombra
Vendor sells,MONEY-LOCAL-LARGE,Cash (large),Hardware store,la-colina-sangrienta,SHOP-HARD-JAM,UNKNOWN,wiki_catalogue,https://drugdealersim.com/map?game=1708850&area=isla-sombra
Vendor sells,MONEY-LOCAL-LARGE,Cash (large),Military equipment shop,dueno-del-mar,SHOP-HARD-PORT,UNKNOWN,wiki_catalogue,https://drugdealersim.com/map?game=1708850&area=isla-sombra
Vendor sells,MONEY-LOCAL-LARGE,Cash (large),Mini-market,archipelago,SHOP-BIG-GENE-ARCH,UNKNOWN,wiki_catalogue,https://drugdealersim.com/map?game=1708850&area=isla-sombra
Vendor sells,MONEY-LOCAL-LARGE,Cash (large),Mini-market,dueno-del-mar,SHOP-BIG-GENE-PORT,UNKNOWN,wiki_catalogue,https://drugdealersim.com/map?game=1708850&area=isla-sombra
Vendor sells,MONEY-LOCAL-LARGE,Cash (large),Mini-market,paraiso-peninsular,SHOP-BIG-GENE-PENI,UNKNOWN,wiki_catalogue,https://drugdealersim.com/map?game=1708850&area=isla-sombra
Vendor sells,MONEY-LOCAL-LARGE,Cash (large),Pawn shop,bahia-de-oro-favela,SHOP-PAWN-CITY-FAV,UNKNOWN,wiki_catalogue,https://drugdealersim.com/map?game=1708850&area=isla-sombra
Vendor sells,MONEY-LOCAL-LARGE,Cash (large),Pawn shop,callejon,SHOP-PAWN-MEX1,UNKNOWN,wiki_catalogue,https://drugdealersim.com/map?game=1708850&area=isla-sombra
Vendor sells,MONEY-LOCAL-LARGE,Cash (large),Pawn shop,dueno-del-mar,SHOP-PAWN-PORT,UNKNOWN,wiki_catalogue,https://drugdealersim.com/map?game=1708850&area=isla-sombra
Vendor sells,MONEY-LOCAL-LARGE,Cash (large),Pawn shop,jungle,SHOP-PAWN-MEX2,UNKNOWN,wiki_catalogue,https://drugdealersim.com/map?game=1708850&area=isla-sombra
Vendor sells,MONEY-LOCAL-LARGE,Cash (large),Pawn shop,la-colina-sangrienta,SHOP-PAWN-JAM,UNKNOWN,wiki_catalogue,https://drugdealersim.com/map?game=1708850&area=isla-sombra
Vendor sells,MONEY-LOCAL-LARGE,Cash (large),Pawn shop,paraiso-peninsular,SHOP-PAWN-PENI,UNKNOWN,wiki_catalogue,https://drugdealersim.com/map?game=1708850&area=isla-sombra
Vendor sells,MONEY-LOCAL-LARGE,Cash (large),Pawn shop,slavs-bay,SHOP-PAWN-SLAV,UNKNOWN,wiki_catalogue,https://drugdealersim.com/map?game=1708850&area=isla-sombra
Vendor sells,MONEY-LOCAL-LARGE,Cash (large),Second hand store,archipelago,SHOP-CLOTH-ARCH,UNKNOWN,wiki_catalogue,https://drugdealersim.com/map?game=1708850&area=isla-sombra
Vendor sells,MONEY-LOCAL-LARGE,Cash (large),Second hand store,slavs-bay,SHOP-CLOTH-SLAV,UNKNOWN,wiki_catalogue,https://drugdealersim.com/map?game=1708850&area=isla-sombra
Vendor sells,EQ-CEILING-LAMP-BAS,Ceiling lamp,Furniture store,archipelago,SHOP-FURN-ARCH,UNKNOWN,wiki_catalogue,https://drugdealersim.com/map?game=1708850&area=isla-sombra
Vendor sells,EQ-CEILING-LAMP-MOD,Ceiling lamp,Furniture store,archipelago,SHOP-FURN-ARCH,UNKNOWN,wiki_catalogue,https://drugdealersim.com/map?game=1708850&area=isla-sombra
Vendor sells,EQ-CEILING-LAMP-BAS,Ceiling lamp,Furniture store,dueno-del-mar,SHOP-FURN-PORT,UNKNOWN,wiki_catalogue,https://drugdealersim.com/map?game=1708850&area=isla-sombra
Vendor sells,EQ-CEILING-LAMP-MOD,Ceiling lamp,Furniture store,dueno-del-mar,SHOP-FURN-PORT,UNKNOWN,wiki_catalogue,https://drugdealersim.com/map?game=1708850&area=isla-sombra
Vendor sells,EQ-CEILING-LAMP-BAS,Ceiling lamp,Furniture store,la-colina-sangrienta,SHOP-FURN-JAM,UNKNOWN,wiki_catalogue,https://drugdealersim.com/map?game=1708850&area=isla-sombra
Vendor sells,EQ-CEILING-LAMP-BAS,Ceiling lamp,Furniture store,paraiso-peninsular,SHOP-FURN-PENI,UNKNOWN,wiki_catalogue,https://drugdealersim.com/map?game=1708850&area=isla-sombra
Vendor sells,EQ-CEILING-LAMP-MOD,Ceiling lamp,Furniture store,paraiso-peninsular,SHOP-FURN-PENI,UNKNOWN,wiki_catalogue,https://drugdealersim.com/map?game=1708850&area=isla-sombra
Vendor sells,EQ-CEILING-LAMP-BAS,Ceiling lamp,Furniture store,slavs-bay,SHOP-FURN-SLAV,UNKNOWN,wiki_catalogue,https://drugdealersim.com/map?game=1708850&area=isla-sombra
Vendor sells,EQ-CHAIR-BAS,Chair,Furniture store,archipelago,SHOP-FURN-ARCH,UNKNOWN,wiki_catalogue,https://drugdealersim.com/map?game=1708850&area=isla-sombra
Vendor sells,EQ-CHAIR-MOD,Chair,Furniture store,archipelago,SHOP-FURN-ARCH,UNKNOWN,wiki_catalogue,https://drugdealersim.com/map?game=1708850&area=isla-sombra
Vendor sells,EQ-CHAIR-BAS,Chair,Furniture store,dueno-del-mar,SHOP-FURN-PORT,UNKNOWN,wiki_catalogue,https://drugdealersim.com/map?game=1708850&area=isla-sombra
Vendor sells,EQ-CHAIR-MOD,Chair,Furniture store,dueno-del-mar,SHOP-FURN-PORT,UNKNOWN,wiki_catalogue,https://drugdealersim.com/map?game=1708850&area=isla-sombra
Vendor sells,EQ-CHAIR-VINT,Chair,Furniture store,dueno-del-mar,SHOP-FURN-PORT,UNKNOWN,wiki_catalogue,https://drugdealersim.com/map?game=1708850&area=isla-sombra
Vendor sells,EQ-CHAIR-INDU,Chair,Furniture store,la-colina-sangrienta,SHOP-FURN-JAM,UNKNOWN,wiki_catalogue,https://drugdealersim.com/map?game=1708850&area=isla-sombra
Vendor sells,EQ-CHAIR-BAS,Chair,Furniture store,paraiso-peninsular,SHOP-FURN-PENI,UNKNOWN,wiki_catalogue,https://drugdealersim.com/map?game=1708850&area=isla-sombra
Vendor sells,EQ-CHAIR-MOD,Chair,Furniture store,paraiso-peninsular,SHOP-FURN-PENI,UNKNOWN,wiki_catalogue,https://drugdealersim.com/map?game=1708850&area=isla-sombra
Vendor sells,FOOD-CHOCO-BAR,Chocolate bar,General store,archipelago,SHOP-GENE-ARCH,UNKNOWN,wiki_catalogue,https://drugdealersim.com/map?game=1708850&area=isla-sombra
Vendor sells,FOOD-CHOCO-BAR,Chocolate bar,General store,dueno-del-mar,SHOP-GENE-PORT,UNKNOWN,wiki_catalogue,https://drugdealersim.com/map?game=1708850&area=isla-sombra
Vendor sells,FOOD-CHOCO-BAR,Chocolate bar,General store,jungle,SHOP-GENE-MEX2,UNKNOWN,wiki_catalogue,https://drugdealersim.com/map?game=1708850&area=isla-sombra
Vendor sells,FOOD-CHOCO-BAR,Chocolate bar,General store,la-colina-sangrienta,SHOP-GENE-JAM,UNKNOWN,wiki_catalogue,https://drugdealersim.com/map?game=1708850&area=isla-sombra
Vendor sells,FOOD-CHOCO-BAR,Chocolate bar,General store,slavs-bay,SHOP-GENE-SLAV,UNKNOWN,wiki_catalogue,https://drugdealersim.com/map?game=1708850&area=isla-sombra
Vendor sells,FOOD-CHOCO-BAR,Chocolate bar,Mini-market,archipelago,SHOP-BIG-GENE-ARCH,UNKNOWN,wiki_catalogue,https://drugdealersim.com/map?game=1708850&area=isla-sombra
Vendor sells,FOOD-CHOCO-BAR,Chocolate bar,Mini-market,dueno-del-mar,SHOP-BIG-GENE-PORT,UNKNOWN,wiki_catalogue,https://drugdealersim.com/map?game=1708850&area=isla-sombra
Vendor sells,FOOD-CHOCO-BAR,Chocolate bar,Mini-market,paraiso-peninsular,SHOP-BIG-GENE-PENI,UNKNOWN,wiki_catalogue,https://drugdealersim.com/map?game=1708850&area=isla-sombra
Vendor sells,UNKNOWN,Chocolate Bar,Shop - Luciano Cruz,archipelago,UNKNOWN,UNKNOWN,wiki_catalogue,https://drugdealersim.com/map?game=1708850&area=isla-sombra
Vendor sells,ITEM-CIGARETTE-PACK,Cigarette pack,General store,archipelago,SHOP-GENE-ARCH,UNKNOWN,wiki_catalogue,https://drugdealersim.com/map?game=1708850&area=isla-sombra
Vendor sells,ITEM-CIGARETTE-PACK,Cigarette pack,General store,callejon,SHOP-GENE-MEX1,UNKNOWN,wiki_catalogue,https://drugdealersim.com/map?game=1708850&area=isla-sombra
Vendor sells,ITEM-CIGARETTE-PACK,Cigarette pack,General store,dueno-del-mar,SHOP-GENE-PORT,UNKNOWN,wiki_catalogue,https://drugdealersim.com/map?game=1708850&area=isla-sombra
Vendor sells,ITEM-CIGARETTE-PACK,Cigarette pack,General store,jungle,SHOP-GENE-MEX2,UNKNOWN,wiki_catalogue,https://drugdealersim.com/map?game=1708850&area=isla-sombra
Vendor sells,ITEM-CIGARETTE-PACK,Cigarette pack,General store,la-colina-sangrienta,SHOP-GENE-JAM,UNKNOWN,wiki_catalogue,https://drugdealersim.com/map?game=1708850&area=isla-sombra
Vendor sells,ITEM-CIGARETTE-PACK,Cigarette pack,General store,slavs-bay,SHOP-GENE-SLAV,UNKNOWN,wiki_catalogue,https://drugdealersim.com/map?game=1708850&area=isla-sombra
Vendor sells,ITEM-CIGARETTE-PACK,Cigarette pack,Mini-market,archipelago,SHOP-BIG-GENE-ARCH,UNKNOWN,wiki_catalogue,https://drugdealersim.com/map?game=1708850&area=isla-sombra
Vendor sells,ITEM-CIGARETTE-PACK,Cigarette pack,Mini-market,dueno-del-mar,SHOP-BIG-GENE-PORT,UNKNOWN,wiki_catalogue,https://drugdealersim.com/map?game=1708850&area=isla-sombra
Vendor sells,ITEM-CIGARETTE-PACK,Cigarette pack,Mini-market,paraiso-peninsular,SHOP-BIG-GENE-PENI,UNKNOWN,wiki_catalogue,https://drugdealersim.com/map?game=1708850&area=isla-sombra
Vendor sells,UNKNOWN,Cigarette pack,Shop - Luciano Cruz,archipelago,UNKNOWN,UNKNOWN,wiki_catalogue,https://drugdealersim.com/map?game=1708850&area=isla-sombra
Vendor sells,ITEM-CIGARETTE-PACK,Cigarette pack,Small shop,small-island,SHOP-GENE-BUNK,UNKNOWN,wiki_catalogue,https://drugdealersim.com/map?game=1708850&area=isla-sombra
Vendor buys,TOOL-WEP-CLEAVER,Cleaver,Tom the Tech,UNKNOWN,buyer:tom-the-tech,800,observed_in_game,"User-supplied in-game SELL screenshot, 2026-10-08"
Vendor sells,TOOL-WEP-CLEAVER,Cleaver,Hardware store,bahia-de-oro-favela,SHOP-HARD-CITY-FAV,UNKNOWN,wiki_catalogue,https://drugdealersim.com/map?game=1708850&area=isla-sombra
Vendor sells,TOOL-WEP-CLEAVER,Cleaver,Hardware store,jungle,SHOP-HARD-MEX2,UNKNOWN,wiki_catalogue,https://drugdealersim.com/map?game=1708850&area=isla-sombra
Vendor sells,TOOL-WEP-CLEAVER,Cleaver,Hardware store,la-colina-sangrienta,SHOP-HARD-JAM,UNKNOWN,wiki_catalogue,https://drugdealersim.com/map?game=1708850&area=isla-sombra
Vendor sells,TOOL-WEP-CLEAVER,Cleaver,Hardware store,volcano-island,SHOP-HARD-VOL,UNKNOWN,wiki_catalogue,https://drugdealersim.com/map?game=1708850&area=isla-sombra
Vendor sells,PLANT-COKE-LEAVES,Coca leaves,Coke leaves heap,paraiso-peninsular,SHOP-DRUGS-COKE-LEAVES,UNKNOWN,wiki_catalogue,https://drugdealersim.com/map?game=1708850&area=isla-sombra
Vendor sells,DRUG-COCAINE-PACK-10G,Cocaine,Coke store,dueno-del-mar,SHOP-DRUGS-COKE,UNKNOWN,wiki_catalogue,https://drugdealersim.com/map?game=1708850&area=isla-sombra
Vendor sells,DRUG-COCAINE-PACK-50G,Cocaine,Coke store,dueno-del-mar,SHOP-DRUGS-COKE,UNKNOWN,wiki_catalogue,https://drugdealersim.com/map?game=1708850&area=isla-sombra
Vendor sells,LABEQ-COFFEE-GRINDER,Coffee grinder,Equipment and upgrade store,la-colina-sangrienta,SHOP-LABEQ-JAM,UNKNOWN,wiki_catalogue,https://drugdealersim.com/map?game=1708850&area=isla-sombra
Vendor sells,LABEQ-COFFEE-GRINDER,Coffee grinder,Furniture store,dueno-del-mar,SHOP-FURN-PORT,UNKNOWN,wiki_catalogue,https://drugdealersim.com/map?game=1708850&area=isla-sombra
Vendor sells,LABEQ-COFFEE-GRINDER,Coffee grinder,Furniture store,paraiso-peninsular,SHOP-FURN-PENI,UNKNOWN,wiki_catalogue,https://drugdealersim.com/map?game=1708850&area=isla-sombra
Vendor sells,LABEQ-COFFEE-GRINDER,Coffee grinder,Furniture store,slavs-bay,SHOP-FURN-SLAV,UNKNOWN,wiki_catalogue,https://drugdealersim.com/map?game=1708850&area=isla-sombra
Vendor sells,LABEQ-COFFEE-GRINDER,Coffee grinder,Ghetto equipment store,bahia-de-oro-favela,SHOP-LABEQ-CITY-FAV,UNKNOWN,wiki_catalogue,https://drugdealersim.com/map?game=1708850&area=isla-sombra
Vendor sells,LABEQ-COFFEE-GRINDER,Coffee grinder,Ghetto equipment store,slavs-bay,SHOP-LABEQ-SLAV,UNKNOWN,wiki_catalogue,https://drugdealersim.com/map?game=1708850&area=isla-sombra
Vendor sells,EQ-TABLE-COFFE-VINT,Coffee table,Furniture store,dueno-del-mar,SHOP-FURN-PORT,UNKNOWN,wiki_catalogue,https://drugdealersim.com/map?game=1708850&area=isla-sombra
Vendor sells,EQ-TABLE-COFFE-MOD,Coffee table,Furniture store,dueno-del-mar,SHOP-FURN-PORT,UNKNOWN,wiki_catalogue,https://drugdealersim.com/map?game=1708850&area=isla-sombra
Vendor sells,EQ-TABLE-COFFE-INDU,Coffee table,Furniture store,la-colina-sangrienta,SHOP-FURN-JAM,UNKNOWN,wiki_catalogue,https://drugdealersim.com/map?game=1708850&area=isla-sombra
Vendor sells,EQ-TABLE-COFFE-MOD,Coffee table,Furniture store,paraiso-peninsular,SHOP-FURN-PENI,UNKNOWN,wiki_catalogue,https://drugdealersim.com/map?game=1708850&area=isla-sombra
Vendor sells,ITEM-STASH-FOOD,Combat ration,Hardware store,bahia-de-oro-favela,SHOP-HARD-CITY-FAV,UNKNOWN,wiki_catalogue,https://drugdealersim.com/map?game=1708850&area=isla-sombra
Vendor sells,ITEM-STASH-FOOD,Combat ration,Hardware store,jungle,SHOP-HARD-MEX2,UNKNOWN,wiki_catalogue,https://drugdealersim.com/map?game=1708850&area=isla-sombra
Vendor sells,ITEM-STASH-FOOD,Combat ration,Hardware store,la-colina-sangrienta,SHOP-HARD-JAM,UNKNOWN,wiki_catalogue,https://drugdealersim.com/map?game=1708850&area=isla-sombra
Vendor sells,ITEM-STASH-FOOD,Combat ration,Hardware store,volcano-island,SHOP-HARD-VOL,UNKNOWN,wiki_catalogue,https://drugdealersim.com/map?game=1708850&area=isla-sombra
Vendor sells,ITEM-STASH-FOOD,Combat ration,Military equipment shop,dueno-del-mar,SHOP-HARD-PORT,UNKNOWN,wiki_catalogue,https://drugdealersim.com/map?game=1708850&area=isla-sombra
Vendor sells,TOOL-COOKING-POT,Cooking pot,General store,archipelago,SHOP-GENE-ARCH,UNKNOWN,wiki_catalogue,https://drugdealersim.com/map?game=1708850&area=isla-sombra
Vendor sells,TOOL-COOKING-POT,Cooking pot,General store,callejon,SHOP-GENE-MEX1,UNKNOWN,wiki_catalogue,https://drugdealersim.com/map?game=1708850&area=isla-sombra
Vendor sells,TOOL-COOKING-POT,Cooking pot,Hardware store,bahia-de-oro-favela,SHOP-HARD-CITY-FAV,UNKNOWN,wiki_catalogue,https://drugdealersim.com/map?game=1708850&area=isla-sombra
Vendor sells,TOOL-COOKING-POT,Cooking pot,Hardware store,jungle,SHOP-HARD-MEX2,UNKNOWN,wiki_catalogue,https://drugdealersim.com/map?game=1708850&area=isla-sombra
Vendor sells,TOOL-COOKING-POT,Cooking pot,Hardware store,la-colina-sangrienta,SHOP-HARD-JAM,UNKNOWN,wiki_catalogue,https://drugdealersim.com/map?game=1708850&area=isla-sombra
Vendor sells,TOOL-COOKING-POT,Cooking pot,Hardware store,volcano-island,SHOP-HARD-VOL,UNKNOWN,wiki_catalogue,https://drugdealersim.com/map?game=1708850&area=isla-sombra
Vendor sells,TOOL-COOKING-POT,Cooking pot,Mini-market,archipelago,SHOP-BIG-GENE-ARCH,UNKNOWN,wiki_catalogue,https://drugdealersim.com/map?game=1708850&area=isla-sombra
Vendor sells,TOOL-COOKING-POT,Cooking pot,Mini-market,dueno-del-mar,SHOP-BIG-GENE-PORT,UNKNOWN,wiki_catalogue,https://drugdealersim.com/map?game=1708850&area=isla-sombra
Vendor sells,TOOL-COOKING-POT,Cooking pot,Mini-market,paraiso-peninsular,SHOP-BIG-GENE-PENI,UNKNOWN,wiki_catalogue,https://drugdealersim.com/map?game=1708850&area=isla-sombra
Vendor sells,UNKNOWN,Cooking pot,Shop - Luciano Cruz,archipelago,UNKNOWN,UNKNOWN,wiki_catalogue,https://drugdealersim.com/map?game=1708850&area=isla-sombra
Vendor sells,EQ-DECOR-VD-CROSS-01,Cross,Furniture store,la-colina-sangrienta,SHOP-FURN-JAM,UNKNOWN,wiki_catalogue,https://drugdealersim.com/map?game=1708850&area=isla-sombra
Vendor buys,TOOL-CROWBAR,Crowbar,Tom the Tech,UNKNOWN,buyer:tom-the-tech,500,observed_in_game,"User-supplied in-game SELL screenshot, 2026-10-08"
Vendor sells,TOOL-CROWBAR,Crowbar,Boat Seller,dueno-del-mar,SHOP-BOAT-PORT,UNKNOWN,wiki_catalogue,https://drugdealersim.com/map?game=1708850&area=isla-sombra
Vendor sells,TOOL-CROWBAR,Crowbar,Bogdan the Mechanic,slavs-bay,SHOP-MECH-SLAV,UNKNOWN,wiki_catalogue,https://drugdealersim.com/map?game=1708850&area=isla-sombra
Vendor sells,TOOL-CROWBAR,Crowbar,Fuel depot,archipelago,SHOP-GAS-MEX1,UNKNOWN,wiki_catalogue,https://drugdealersim.com/map?game=1708850&area=isla-sombra
Vendor sells,TOOL-CROWBAR,Crowbar,Fuel depot,dueno-del-mar,SHOP-GAS-PORT,UNKNOWN,wiki_catalogue,https://drugdealersim.com/map?game=1708850&area=isla-sombra
Vendor sells,TOOL-CROWBAR,Crowbar,Fuel depot,slavs-bay,SHOP-GAS-SLAV,UNKNOWN,wiki_catalogue,https://drugdealersim.com/map?game=1708850&area=isla-sombra
Vendor sells,TOOL-CROWBAR,Crowbar,General store,archipelago,SHOP-GENE-ARCH,UNKNOWN,wiki_catalogue,https://drugdealersim.com/map?game=1708850&area=isla-sombra
Vendor sells,TOOL-CROWBAR,Crowbar,General store,dueno-del-mar,SHOP-GENE-PORT,UNKNOWN,wiki_catalogue,https://drugdealersim.com/map?game=1708850&area=isla-sombra
Vendor sells,TOOL-CROWBAR,Crowbar,General store,slavs-bay,SHOP-GENE-SLAV,UNKNOWN,wiki_catalogue,https://drugdealersim.com/map?game=1708850&area=isla-sombra
Vendor sells,TOOL-CROWBAR,Crowbar,Hardware store,bahia-de-oro-favela,SHOP-HARD-CITY-FAV,UNKNOWN,wiki_catalogue,https://drugdealersim.com/map?game=1708850&area=isla-sombra
Vendor sells,TOOL-CROWBAR,Crowbar,Hardware store,callejon,SHOP-CLOTH-MEX1,UNKNOWN,wiki_catalogue,https://drugdealersim.com/map?game=1708850&area=isla-sombra
Vendor sells,TOOL-CROWBAR,Crowbar,Hardware store,jungle,SHOP-HARD-MEX2,UNKNOWN,wiki_catalogue,https://drugdealersim.com/map?game=1708850&area=isla-sombra
Vendor sells,TOOL-CROWBAR,Crowbar,Hardware store,la-colina-sangrienta,SHOP-HARD-JAM,UNKNOWN,wiki_catalogue,https://drugdealersim.com/map?game=1708850&area=isla-sombra
Vendor sells,TOOL-CROWBAR,Crowbar,Hardware store,volcano-island,SHOP-HARD-VOL,UNKNOWN,wiki_catalogue,https://drugdealersim.com/map?game=1708850&area=isla-sombra
Vendor sells,TOOL-CROWBAR,Crowbar,Mechanic,archipelago,SHOP-MECH-ARCH,UNKNOWN,wiki_catalogue,https://drugdealersim.com/map?game=1708850&area=isla-sombra
Vendor sells,TOOL-CROWBAR,Crowbar,Military equipment shop,dueno-del-mar,SHOP-HARD-PORT,UNKNOWN,wiki_catalogue,https://drugdealersim.com/map?game=1708850&area=isla-sombra
Vendor sells,TOOL-CROWBAR,Crowbar,Mini-market,archipelago,SHOP-BIG-GENE-ARCH,UNKNOWN,wiki_catalogue,https://drugdealersim.com/map?game=1708850&area=isla-sombra
Vendor sells,TOOL-CROWBAR,Crowbar,Mini-market,dueno-del-mar,SHOP-BIG-GENE-PORT,UNKNOWN,wiki_catalogue,https://drugdealersim.com/map?game=1708850&area=isla-sombra
Vendor sells,TOOL-CROWBAR,Crowbar,Mini-market,paraiso-peninsular,SHOP-BIG-GENE-PENI,UNKNOWN,wiki_catalogue,https://drugdealersim.com/map?game=1708850&area=isla-sombra
Vendor sells,TOOL-CROWBAR,Crowbar,Pub,callejon,SHOP-FUN2-MEX1,UNKNOWN,wiki_catalogue,https://drugdealersim.com/map?game=1708850&area=isla-sombra
Vendor sells,UNKNOWN,Crowbar,Shop - Luciano Cruz,archipelago,UNKNOWN,UNKNOWN,wiki_catalogue,https://drugdealersim.com/map?game=1708850&area=isla-sombra
Vendor sells,EQ-DESK,Desk,Furniture store,archipelago,SHOP-FURN-ARCH,UNKNOWN,wiki_catalogue,https://drugdealersim.com/map?game=1708850&area=isla-sombra
Vendor sells,EQ-DESK,Desk,Furniture store,dueno-del-mar,SHOP-FURN-PORT,UNKNOWN,wiki_catalogue,https://drugdealersim.com/map?game=1708850&area=isla-sombra
Vendor sells,EQ-DESK,Desk,Furniture store,la-colina-sangrienta,SHOP-FURN-JAM,UNKNOWN,wiki_catalogue,https://drugdealersim.com/map?game=1708850&area=isla-sombra
Vendor sells,EQ-DESK-INDU,Desk,Furniture store,la-colina-sangrienta,SHOP-FURN-JAM,UNKNOWN,wiki_catalogue,https://drugdealersim.com/map?game=1708850&area=isla-sombra
Vendor sells,EQ-DESK,Desk,Furniture store,paraiso-peninsular,SHOP-FURN-PENI,UNKNOWN,wiki_catalogue,https://drugdealersim.com/map?game=1708850&area=isla-sombra
Vendor sells,EQ-DESK,Desk,Furniture store,slavs-bay,SHOP-FURN-SLAV,UNKNOWN,wiki_catalogue,https://drugdealersim.com/map?game=1708850&area=isla-sombra
Vendor sells,EQ-DESK-LAMP-BAS,Desk lamp,Furniture store,archipelago,SHOP-FURN-ARCH,UNKNOWN,wiki_catalogue,https://drugdealersim.com/map?game=1708850&area=isla-sombra
Vendor sells,EQ-DESK-LAMP-MOD,Desk lamp,Furniture store,archipelago,SHOP-FURN-ARCH,UNKNOWN,wiki_catalogue,https://drugdealersim.com/map?game=1708850&area=isla-sombra
Vendor sells,EQ-DESK-LAMP-BAS,Desk lamp,Furniture store,dueno-del-mar,SHOP-FURN-PORT,UNKNOWN,wiki_catalogue,https://drugdealersim.com/map?game=1708850&area=isla-sombra
Vendor sells,EQ-DESK-LAMP-MOD,Desk lamp,Furniture store,dueno-del-mar,SHOP-FURN-PORT,UNKNOWN,wiki_catalogue,https://drugdealersim.com/map?game=1708850&area=isla-sombra
Vendor sells,EQ-DESK-LAMP-BAS,Desk lamp,Furniture store,paraiso-peninsular,SHOP-FURN-PENI,UNKNOWN,wiki_catalogue,https://drugdealersim.com/map?game=1708850&area=isla-sombra
Vendor sells,EQ-DESK-LAMP-MOD,Desk lamp,Furniture store,paraiso-peninsular,SHOP-FURN-PENI,UNKNOWN,wiki_catalogue,https://drugdealersim.com/map?game=1708850&area=isla-sombra
Vendor sells,TOOL-DISARM-CARD,Disarming card,Hardware store,bahia-de-oro-favela,SHOP-HARD-CITY-FAV,UNKNOWN,wiki_catalogue,https://drugdealersim.com/map?game=1708850&area=isla-sombra
Vendor sells,TOOL-DISARM-CARD,Disarming card,Hardware store,jungle,SHOP-HARD-MEX2,UNKNOWN,wiki_catalogue,https://drugdealersim.com/map?game=1708850&area=isla-sombra
Vendor sells,TOOL-DISARM-CARD,Disarming card,Hardware store,la-colina-sangrienta,SHOP-HARD-JAM,UNKNOWN,wiki_catalogue,https://drugdealersim.com/map?game=1708850&area=isla-sombra
Vendor sells,TOOL-DISARM-CARD,Disarming card,Hardware store,volcano-island,SHOP-HARD-VOL,UNKNOWN,wiki_catalogue,https://drugdealersim.com/map?game=1708850&area=isla-sombra
Vendor sells,TOOL-DISARM-CARD,Disarming card,Pub,callejon,SHOP-FUN2-MEX1,UNKNOWN,wiki_catalogue,https://drugdealersim.com/map?game=1708850&area=isla-sombra
Vendor sells,EQ-DECOR-VINT-01,Divider,Furniture store,dueno-del-mar,SHOP-FURN-PORT,UNKNOWN,wiki_catalogue,https://drugdealersim.com/map?game=1708850&area=isla-sombra
Vendor sells,JEWEL-DOG-TAG,Dog tag,Hardware store,bahia-de-oro-favela,SHOP-HARD-CITY-FAV,UNKNOWN,wiki_catalogue,https://drugdealersim.com/map?game=1708850&area=isla-sombra
Vendor sells,JEWEL-DOG-TAG,Dog tag,Hardware store,la-colina-sangrienta,SHOP-HARD-JAM,UNKNOWN,wiki_catalogue,https://drugdealersim.com/map?game=1708850&area=isla-sombra
Vendor sells,JEWEL-DOG-TAG,Dog tag,Military equipment shop,dueno-del-mar,SHOP-HARD-PORT,UNKNOWN,wiki_catalogue,https://drugdealersim.com/map?game=1708850&area=isla-sombra
Vendor sells,JEWEL-DOG-TAG,Dog tag,Pawn shop,bahia-de-oro-favela,SHOP-PAWN-CITY-FAV,UNKNOWN,wiki_catalogue,https://drugdealersim.com/map?game=1708850&area=isla-sombra
Vendor sells,JEWEL-DOG-TAG,Dog tag,Pawn shop,callejon,SHOP-PAWN-MEX1,UNKNOWN,wiki_catalogue,https://drugdealersim.com/map?game=1708850&area=isla-sombra
Vendor sells,JEWEL-DOG-TAG,Dog tag,Pawn shop,dueno-del-mar,SHOP-PAWN-PORT,UNKNOWN,wiki_catalogue,https://drugdealersim.com/map?game=1708850&area=isla-sombra
Vendor sells,JEWEL-DOG-TAG,Dog tag,Pawn shop,jungle,SHOP-PAWN-MEX2,UNKNOWN,wiki_catalogue,https://drugdealersim.com/map?game=1708850&area=isla-sombra
Vendor sells,JEWEL-DOG-TAG,Dog tag,Pawn shop,la-colina-sangrienta,SHOP-PAWN-JAM,UNKNOWN,wiki_catalogue,https://drugdealersim.com/map?game=1708850&area=isla-sombra
Vendor sells,JEWEL-DOG-TAG,Dog tag,Pawn shop,paraiso-peninsular,SHOP-PAWN-PENI,UNKNOWN,wiki_catalogue,https://drugdealersim.com/map?game=1708850&area=isla-sombra
Vendor sells,JEWEL-DOG-TAG,Dog tag,Pawn shop,slavs-bay,SHOP-PAWN-SLAV,UNKNOWN,wiki_catalogue,https://drugdealersim.com/map?game=1708850&area=isla-sombra
Vendor sells,EQ-DECOR-VD-DOLLS-01,Dolls,Furniture store,la-colina-sangrienta,SHOP-FURN-JAM,UNKNOWN,wiki_catalogue,https://drugdealersim.com/map?game=1708850&area=isla-sombra
Vendor sells,DOOR-UPGRADE-LOCK,Door lock,Equipment and upgrade store,la-colina-sangrienta,SHOP-LABEQ-JAM,UNKNOWN,wiki_catalogue,https://drugdealersim.com/map?game=1708850&area=isla-sombra
Vendor sells,DOOR-UPGRADE-LOCK,Door lock,Equipment store,volcano-island,SHOP-LABEQ-VOL,UNKNOWN,wiki_catalogue,https://drugdealersim.com/map?game=1708850&area=isla-sombra
Vendor sells,DOOR-UPGRADE-LOCK,Door lock,Furniture store,archipelago,SHOP-FURN-ARCH,UNKNOWN,wiki_catalogue,https://drugdealersim.com/map?game=1708850&area=isla-sombra
Vendor sells,DOOR-UPGRADE-LOCK,Door lock,Furniture store,dueno-del-mar,SHOP-FURN-PORT,UNKNOWN,wiki_catalogue,https://drugdealersim.com/map?game=1708850&area=isla-sombra
Vendor sells,DOOR-UPGRADE-LOCK,Door lock,Furniture store,la-colina-sangrienta,SHOP-FURN-JAM,UNKNOWN,wiki_catalogue,https://drugdealersim.com/map?game=1708850&area=isla-sombra
Vendor sells,DOOR-UPGRADE-LOCK,Door lock,Furniture store,paraiso-peninsular,SHOP-FURN-PENI,UNKNOWN,wiki_catalogue,https://drugdealersim.com/map?game=1708850&area=isla-sombra
Vendor sells,DOOR-UPGRADE-LOCK,Door lock,Furniture store,slavs-bay,SHOP-FURN-SLAV,UNKNOWN,wiki_catalogue,https://drugdealersim.com/map?game=1708850&area=isla-sombra
Vendor sells,EQ-BED-DOUBLE-GHETTO,Double bed,Furniture store,archipelago,SHOP-FURN-ARCH,UNKNOWN,wiki_catalogue,https://drugdealersim.com/map?game=1708850&area=isla-sombra
Vendor sells,EQ-BED-DOUBLE-MOD,Double bed,Furniture store,archipelago,SHOP-FURN-ARCH,UNKNOWN,wiki_catalogue,https://drugdealersim.com/map?game=1708850&area=isla-sombra
Vendor sells,EQ-BED-DOUBLE-BAS-02,Double bed,Furniture store,dueno-del-mar,SHOP-FURN-PORT,UNKNOWN,wiki_catalogue,https://drugdealersim.com/map?game=1708850&area=isla-sombra
Vendor sells,EQ-BED-DOUBLE-BAS-03,Double bed,Furniture store,dueno-del-mar,SHOP-FURN-PORT,UNKNOWN,wiki_catalogue,https://drugdealersim.com/map?game=1708850&area=isla-sombra
Vendor sells,EQ-BED-DOUBLE-MOD,Double bed,Furniture store,dueno-del-mar,SHOP-FURN-PORT,UNKNOWN,wiki_catalogue,https://drugdealersim.com/map?game=1708850&area=isla-sombra
Vendor sells,EQ-BED-DOUBLE-MOD-03,Double bed,Furniture store,dueno-del-mar,SHOP-FURN-PORT,UNKNOWN,wiki_catalogue,https://drugdealersim.com/map?game=1708850&area=isla-sombra
Vendor sells,EQ-BED-DOUBLE-VINT,Double bed,Furniture store,dueno-del-mar,SHOP-FURN-PORT,UNKNOWN,wiki_catalogue,https://drugdealersim.com/map?game=1708850&area=isla-sombra
Vendor sells,EQ-BED-DOUBLE-MOD-03,Double bed,Furniture store,la-colina-sangrienta,SHOP-FURN-JAM,UNKNOWN,wiki_catalogue,https://drugdealersim.com/map?game=1708850&area=isla-sombra
Vendor sells,EQ-BED-DOUBLE-INDU,Double bed,Furniture store,la-colina-sangrienta,SHOP-FURN-JAM,UNKNOWN,wiki_catalogue,https://drugdealersim.com/map?game=1708850&area=isla-sombra
Vendor sells,EQ-BED-DOUBLE-VD-01,Double bed,Furniture store,la-colina-sangrienta,SHOP-FURN-JAM,UNKNOWN,wiki_catalogue,https://drugdealersim.com/map?game=1708850&area=isla-sombra
Vendor sells,EQ-BED-DOUBLE-VD-02,Double bed,Furniture store,la-colina-sangrienta,SHOP-FURN-JAM,UNKNOWN,wiki_catalogue,https://drugdealersim.com/map?game=1708850&area=isla-sombra
Vendor sells,EQ-BED-DOUBLE-BAS-02,Double bed,Furniture store,paraiso-peninsular,SHOP-FURN-PENI,UNKNOWN,wiki_catalogue,https://drugdealersim.com/map?game=1708850&area=isla-sombra
Vendor sells,EQ-BED-DOUBLE-BAS-03,Double bed,Furniture store,paraiso-peninsular,SHOP-FURN-PENI,UNKNOWN,wiki_catalogue,https://drugdealersim.com/map?game=1708850&area=isla-sombra
Vendor sells,EQ-BED-DOUBLE-MOD,Double bed,Furniture store,paraiso-peninsular,SHOP-FURN-PENI,UNKNOWN,wiki_catalogue,https://drugdealersim.com/map?game=1708850&area=isla-sombra
Vendor sells,EQ-BED-DOUBLE-MOD-03,Double bed,Furniture store,paraiso-peninsular,SHOP-FURN-PENI,UNKNOWN,wiki_catalogue,https://drugdealersim.com/map?game=1708850&area=isla-sombra
Vendor sells,EQ-BED-DOUBLE-GHETTO,Double bed,Furniture store,slavs-bay,SHOP-FURN-SLAV,UNKNOWN,wiki_catalogue,https://drugdealersim.com/map?game=1708850&area=isla-sombra
Vendor sells,EQ-DRESSER-BAS,Dresser,Furniture store,archipelago,SHOP-FURN-ARCH,UNKNOWN,wiki_catalogue,https://drugdealersim.com/map?game=1708850&area=isla-sombra
Vendor sells,EQ-DRESSER-BAS,Dresser,Furniture store,dueno-del-mar,SHOP-FURN-PORT,UNKNOWN,wiki_catalogue,https://drugdealersim.com/map?game=1708850&area=isla-sombra
Vendor sells,EQ-DRESSER-MOD,Dresser,Furniture store,dueno-del-mar,SHOP-FURN-PORT,UNKNOWN,wiki_catalogue,https://drugdealersim.com/map?game=1708850&area=isla-sombra
Vendor sells,EQ-DRESSER-VINT,Dresser,Furniture store,dueno-del-mar,SHOP-FURN-PORT,UNKNOWN,wiki_catalogue,https://drugdealersim.com/map?game=1708850&area=isla-sombra
Vendor sells,EQ-DRESSER-BAS,Dresser,Furniture store,la-colina-sangrienta,SHOP-FURN-JAM,UNKNOWN,wiki_catalogue,https://drugdealersim.com/map?game=1708850&area=isla-sombra
Vendor sells,EQ-DRESSER-INDU,Dresser,Furniture store,la-colina-sangrienta,SHOP-FURN-JAM,UNKNOWN,wiki_catalogue,https://drugdealersim.com/map?game=1708850&area=isla-sombra
Vendor sells,EQ-DRESSER-BAS,Dresser,Furniture store,paraiso-peninsular,SHOP-FURN-PENI,UNKNOWN,wiki_catalogue,https://drugdealersim.com/map?game=1708850&area=isla-sombra
Vendor sells,EQ-DRESSER-MOD,Dresser,Furniture store,paraiso-peninsular,SHOP-FURN-PENI,UNKNOWN,wiki_catalogue,https://drugdealersim.com/map?game=1708850&area=isla-sombra
Vendor sells,EQ-DRESSER-BAS,Dresser,Furniture store,slavs-bay,SHOP-FURN-SLAV,UNKNOWN,wiki_catalogue,https://drugdealersim.com/map?game=1708850&area=isla-sombra
Vendor sells,LABEQ-DRYING-RACK-L,Drying outdoor rack,Equipment and upgrade store,la-colina-sangrienta,SHOP-LABEQ-JAM,UNKNOWN,wiki_catalogue,https://drugdealersim.com/map?game=1708850&area=isla-sombra
Vendor sells,LABEQ-DRYING-RACK-L,Drying outdoor rack,Equipment store,archipelago,SHOP-LABEQ-ARCH,UNKNOWN,wiki_catalogue,https://drugdealersim.com/map?game=1708850&area=isla-sombra
Vendor sells,LABEQ-DRYING-RACK-L,Drying outdoor rack,Ghetto equipment store,bahia-de-oro-favela,SHOP-LABEQ-CITY-FAV,UNKNOWN,wiki_catalogue,https://drugdealersim.com/map?game=1708850&area=isla-sombra
Vendor sells,LABEQ-DRYING-RACK-L,Drying outdoor rack,Ghetto equipment store,slavs-bay,SHOP-LABEQ-SLAV,UNKNOWN,wiki_catalogue,https://drugdealersim.com/map?game=1708850&area=isla-sombra
Vendor sells,LABEQ-DRYING-RACK,Drying rack,Equipment and upgrade store,la-colina-sangrienta,SHOP-LABEQ-JAM,UNKNOWN,wiki_catalogue,https://drugdealersim.com/map?game=1708850&area=isla-sombra
Vendor sells,LABEQ-DRYING-RACK,Drying rack,Equipment store,archipelago,SHOP-LABEQ-ARCH,UNKNOWN,wiki_catalogue,https://drugdealersim.com/map?game=1708850&area=isla-sombra
Vendor sells,LABEQ-DRYING-RACK,Drying rack,Ghetto equipment store,bahia-de-oro-favela,SHOP-LABEQ-CITY-FAV,UNKNOWN,wiki_catalogue,https://drugdealersim.com/map?game=1708850&area=isla-sombra
Vendor sells,LABEQ-DRYING-RACK,Drying rack,Ghetto equipment store,slavs-bay,SHOP-LABEQ-SLAV,UNKNOWN,wiki_catalogue,https://drugdealersim.com/map?game=1708850&area=isla-sombra
Vendor sells,ITEM-DUCTTAPE,Duct tape,Construction store,slavs-bay,SHOP-CHEM-SLAV,UNKNOWN,wiki_catalogue,https://drugdealersim.com/map?game=1708850&area=isla-sombra
Vendor sells,ITEM-DUCTTAPE,Duct tape,General store,archipelago,SHOP-GENE-ARCH,UNKNOWN,wiki_catalogue,https://drugdealersim.com/map?game=1708850&area=isla-sombra
Vendor sells,ITEM-DUCTTAPE,Duct tape,General store,callejon,SHOP-GENE-MEX1,UNKNOWN,wiki_catalogue,https://drugdealersim.com/map?game=1708850&area=isla-sombra
Vendor sells,ITEM-DUCTTAPE,Duct tape,General store,dueno-del-mar,SHOP-GENE-PORT,UNKNOWN,wiki_catalogue,https://drugdealersim.com/map?game=1708850&area=isla-sombra
Vendor sells,ITEM-DUCTTAPE,Duct tape,General store,jungle,SHOP-GENE-MEX2,UNKNOWN,wiki_catalogue,https://drugdealersim.com/map?game=1708850&area=isla-sombra
Vendor sells,ITEM-DUCTTAPE,Duct tape,General store,la-colina-sangrienta,SHOP-GENE-JAM,UNKNOWN,wiki_catalogue,https://drugdealersim.com/map?game=1708850&area=isla-sombra
Vendor sells,ITEM-DUCTTAPE,Duct tape,General store,slavs-bay,SHOP-GENE-SLAV,UNKNOWN,wiki_catalogue,https://drugdealersim.com/map?game=1708850&area=isla-sombra
Vendor sells,ITEM-DUCTTAPE,Duct tape,Hardware store,callejon,SHOP-CLOTH-MEX1,UNKNOWN,wiki_catalogue,https://drugdealersim.com/map?game=1708850&area=isla-sombra
Vendor sells,ITEM-DUCTTAPE,Duct tape,Hardware store,jungle,SHOP-HARD-MEX2,UNKNOWN,wiki_catalogue,https://drugdealersim.com/map?game=1708850&area=isla-sombra
Vendor sells,ITEM-DUCTTAPE,Duct tape,Mini-market,archipelago,SHOP-BIG-GENE-ARCH,UNKNOWN,wiki_catalogue,https://drugdealersim.com/map?game=1708850&area=isla-sombra
Vendor sells,ITEM-DUCTTAPE,Duct tape,Mini-market,dueno-del-mar,SHOP-BIG-GENE-PORT,UNKNOWN,wiki_catalogue,https://drugdealersim.com/map?game=1708850&area=isla-sombra
Vendor sells,ITEM-DUCTTAPE,Duct tape,Mini-market,paraiso-peninsular,SHOP-BIG-GENE-PENI,UNKNOWN,wiki_catalogue,https://drugdealersim.com/map?game=1708850&area=isla-sombra
Vendor sells,UNKNOWN,Duct Tape,Shop - Luciano Cruz,archipelago,UNKNOWN,UNKNOWN,wiki_catalogue,https://drugdealersim.com/map?game=1708850&area=isla-sombra
Vendor sells,CLOTH-BACKPACK-DUFFLE,Duffle bag,Hardware store,bahia-de-oro-favela,SHOP-HARD-CITY-FAV,UNKNOWN,wiki_catalogue,https://drugdealersim.com/map?game=1708850&area=isla-sombra
Vendor sells,CLOTH-BACKPACK-DUFFLE,Duffle bag,Hardware store,la-colina-sangrienta,SHOP-HARD-JAM,UNKNOWN,wiki_catalogue,https://drugdealersim.com/map?game=1708850&area=isla-sombra
Vendor sells,CLOTH-BACKPACK-DUFFLE,Duffle bag,Military equipment shop,dueno-del-mar,SHOP-HARD-PORT,UNKNOWN,wiki_catalogue,https://drugdealersim.com/map?game=1708850&area=isla-sombra
Vendor sells,LABEQ-COOKER,Electric pressure cooker,Equipment and upgrade store,la-colina-sangrienta,SHOP-LABEQ-JAM,UNKNOWN,wiki_catalogue,https://drugdealersim.com/map?game=1708850&area=isla-sombra
Vendor sells,LABEQ-COOKER,Electric pressure cooker,Equipment store,archipelago,SHOP-LABEQ-ARCH,UNKNOWN,wiki_catalogue,https://drugdealersim.com/map?game=1708850&area=isla-sombra
Vendor sells,LABEQ-COOKER,Electric pressure cooker,Equipment store,volcano-island,SHOP-LABEQ-VOL,UNKNOWN,wiki_catalogue,https://drugdealersim.com/map?game=1708850&area=isla-sombra
Vendor sells,LABEQ-COOKER,Electric pressure cooker,Furniture store,archipelago,SHOP-FURN-ARCH,UNKNOWN,wiki_catalogue,https://drugdealersim.com/map?game=1708850&area=isla-sombra
Vendor sells,LABEQ-COOKER,Electric pressure cooker,Furniture store,dueno-del-mar,SHOP-FURN-PORT,UNKNOWN,wiki_catalogue,https://drugdealersim.com/map?game=1708850&area=isla-sombra
Vendor sells,LABEQ-COOKER,Electric pressure cooker,Furniture store,paraiso-peninsular,SHOP-FURN-PENI,UNKNOWN,wiki_catalogue,https://drugdealersim.com/map?game=1708850&area=isla-sombra
Vendor sells,LABEQ-COOKER,Electric pressure cooker,Ghetto equipment store,bahia-de-oro-favela,SHOP-LABEQ-CITY-FAV,UNKNOWN,wiki_catalogue,https://drugdealersim.com/map?game=1708850&area=isla-sombra
Vendor sells,LABEQ-COOKER,Electric pressure cooker,Ghetto equipment store,slavs-bay,SHOP-LABEQ-SLAV,UNKNOWN,wiki_catalogue,https://drugdealersim.com/map?game=1708850&area=isla-sombra
Vendor sells,ITEM-ELEC-WIRES,Electric wires,Bogdan the Mechanic,slavs-bay,SHOP-MECH-SLAV,UNKNOWN,wiki_catalogue,https://drugdealersim.com/map?game=1708850&area=isla-sombra
Vendor sells,ITEM-ELEC-WIRES,Electric wires,Fuel depot,archipelago,SHOP-GAS-MEX1,UNKNOWN,wiki_catalogue,https://drugdealersim.com/map?game=1708850&area=isla-sombra
Vendor sells,ITEM-ELEC-WIRES,Electric wires,Fuel depot,archipelago,SHOP-GAS-ARCH,UNKNOWN,wiki_catalogue,https://drugdealersim.com/map?game=1708850&area=isla-sombra
Vendor sells,ITEM-ELEC-WIRES,Electric wires,Fuel depot,dueno-del-mar,SHOP-GAS-PORT,UNKNOWN,wiki_catalogue,https://drugdealersim.com/map?game=1708850&area=isla-sombra
Vendor sells,ITEM-ELEC-WIRES,Electric wires,Fuel depot,slavs-bay,SHOP-GAS-SLAV,UNKNOWN,wiki_catalogue,https://drugdealersim.com/map?game=1708850&area=isla-sombra
Vendor sells,ITEM-ELEC-WIRES,Electric wires,Hardware store,bahia-de-oro-favela,SHOP-HARD-CITY-FAV,UNKNOWN,wiki_catalogue,https://drugdealersim.com/map?game=1708850&area=isla-sombra
Vendor sells,ITEM-ELEC-WIRES,Electric wires,Hardware store,callejon,SHOP-CLOTH-MEX1,UNKNOWN,wiki_catalogue,https://drugdealersim.com/map?game=1708850&area=isla-sombra
Vendor sells,ITEM-ELEC-WIRES,Electric wires,Hardware store,jungle,SHOP-HARD-MEX2,UNKNOWN,wiki_catalogue,https://drugdealersim.com/map?game=1708850&area=isla-sombra
Vendor sells,ITEM-ELEC-WIRES,Electric wires,Hardware store,la-colina-sangrienta,SHOP-HARD-JAM,UNKNOWN,wiki_catalogue,https://drugdealersim.com/map?game=1708850&area=isla-sombra
Vendor sells,ITEM-ELEC-WIRES,Electric wires,Hardware store,volcano-island,SHOP-HARD-VOL,UNKNOWN,wiki_catalogue,https://drugdealersim.com/map?game=1708850&area=isla-sombra
Vendor sells,ITEM-ELEC-WIRES,Electric wires,Mechanic,archipelago,SHOP-MECH-ARCH,UNKNOWN,wiki_catalogue,https://drugdealersim.com/map?game=1708850&area=isla-sombra
Vendor sells,CLOTH-ELEGANT-JACKET,Elegant jacket,Exclusive boutique,dueno-del-mar,SHOP-CLOTH-PORT,UNKNOWN,wiki_catalogue,https://drugdealersim.com/map?game=1708850&area=isla-sombra
Vendor sells,CLOTH-ELEGANT-JACKET-01,Elegant jacket,Exclusive boutique,dueno-del-mar,SHOP-CLOTH-PORT,UNKNOWN,wiki_catalogue,https://drugdealersim.com/map?game=1708850&area=isla-sombra
Vendor sells,CLOTH-ELEGANT-JACKET-02,Elegant jacket,Exclusive boutique,dueno-del-mar,SHOP-CLOTH-PORT,UNKNOWN,wiki_catalogue,https://drugdealersim.com/map?game=1708850&area=isla-sombra
Vendor sells,CLOTH-ELEGANT-JACKET-03,Elegant jacket,Exclusive boutique,dueno-del-mar,SHOP-CLOTH-PORT,UNKNOWN,wiki_catalogue,https://drugdealersim.com/map?game=1708850&area=isla-sombra
Vendor sells,CLOTH-ELEGANT-JACKET,Elegant jacket,Exclusive boutique,paraiso-peninsular,SHOP-CLOTH-PENI,UNKNOWN,wiki_catalogue,https://drugdealersim.com/map?game=1708850&area=isla-sombra
Vendor sells,CLOTH-ELEGANT-JACKET-01,Elegant jacket,Exclusive boutique,paraiso-peninsular,SHOP-CLOTH-PENI,UNKNOWN,wiki_catalogue,https://drugdealersim.com/map?game=1708850&area=isla-sombra
Vendor sells,CLOTH-ELEGANT-JACKET-02,Elegant jacket,Exclusive boutique,paraiso-peninsular,SHOP-CLOTH-PENI,UNKNOWN,wiki_catalogue,https://drugdealersim.com/map?game=1708850&area=isla-sombra
Vendor sells,CLOTH-ELEGANT-JACKET-03,Elegant jacket,Exclusive boutique,paraiso-peninsular,SHOP-CLOTH-PENI,UNKNOWN,wiki_catalogue,https://drugdealersim.com/map?game=1708850&area=isla-sombra
Vendor sells,CLOTH-ELEGANT-PANTS,Elegant pants,Exclusive boutique,dueno-del-mar,SHOP-CLOTH-PORT,UNKNOWN,wiki_catalogue,https://drugdealersim.com/map?game=1708850&area=isla-sombra
Vendor sells,CLOTH-ELEGANT-PANTS-01,Elegant pants,Exclusive boutique,dueno-del-mar,SHOP-CLOTH-PORT,UNKNOWN,wiki_catalogue,https://drugdealersim.com/map?game=1708850&area=isla-sombra
Vendor sells,CLOTH-ELEGANT-PANTS-02,Elegant pants,Exclusive boutique,dueno-del-mar,SHOP-CLOTH-PORT,UNKNOWN,wiki_catalogue,https://drugdealersim.com/map?game=1708850&area=isla-sombra
Vendor sells,CLOTH-ELEGANT-PANTS-03,Elegant pants,Exclusive boutique,dueno-del-mar,SHOP-CLOTH-PORT,UNKNOWN,wiki_catalogue,https://drugdealersim.com/map?game=1708850&area=isla-sombra
Vendor sells,CLOTH-ELEGANT-PANTS,Elegant pants,Exclusive boutique,paraiso-peninsular,SHOP-CLOTH-PENI,UNKNOWN,wiki_catalogue,https://drugdealersim.com/map?game=1708850&area=isla-sombra
Vendor sells,CLOTH-ELEGANT-PANTS-01,Elegant pants,Exclusive boutique,paraiso-peninsular,SHOP-CLOTH-PENI,UNKNOWN,wiki_catalogue,https://drugdealersim.com/map?game=1708850&area=isla-sombra
Vendor sells,CLOTH-ELEGANT-PANTS-02,Elegant pants,Exclusive boutique,paraiso-peninsular,SHOP-CLOTH-PENI,UNKNOWN,wiki_catalogue,https://drugdealersim.com/map?game=1708850&area=isla-sombra
Vendor sells,CLOTH-ELEGANT-PANTS-03,Elegant pants,Exclusive boutique,paraiso-peninsular,SHOP-CLOTH-PENI,UNKNOWN,wiki_catalogue,https://drugdealersim.com/map?game=1708850&area=isla-sombra
Vendor sells,CLOTH-ELEGANT-PANTS,Elegant pants,Second hand store,archipelago,SHOP-CLOTH-ARCH,UNKNOWN,wiki_catalogue,https://drugdealersim.com/map?game=1708850&area=isla-sombra
Vendor sells,CLOTH-ELEGANT-PANTS,Elegant pants,Second hand store,slavs-bay,SHOP-CLOTH-SLAV,UNKNOWN,wiki_catalogue,https://drugdealersim.com/map?game=1708850&area=isla-sombra
Vendor sells,CLOTH-ELEGANT-SHIRT,Elegant shirt,Exclusive boutique,dueno-del-mar,SHOP-CLOTH-PORT,UNKNOWN,wiki_catalogue,https://drugdealersim.com/map?game=1708850&area=isla-sombra
Vendor sells,CLOTH-ELEGANT-SHIRT-01,Elegant shirt,Exclusive boutique,dueno-del-mar,SHOP-CLOTH-PORT,UNKNOWN,wiki_catalogue,https://drugdealersim.com/map?game=1708850&area=isla-sombra
Vendor sells,CLOTH-ELEGANT-SHIRT-02,Elegant shirt,Exclusive boutique,dueno-del-mar,SHOP-CLOTH-PORT,UNKNOWN,wiki_catalogue,https://drugdealersim.com/map?game=1708850&area=isla-sombra
Vendor sells,CLOTH-ELEGANT-SHIRT-03,Elegant shirt,Exclusive boutique,dueno-del-mar,SHOP-CLOTH-PORT,UNKNOWN,wiki_catalogue,https://drugdealersim.com/map?game=1708850&area=isla-sombra
Vendor sells,CLOTH-ELEGANT-SHIRT,Elegant shirt,Exclusive boutique,paraiso-peninsular,SHOP-CLOTH-PENI,UNKNOWN,wiki_catalogue,https://drugdealersim.com/map?game=1708850&area=isla-sombra
Vendor sells,CLOTH-ELEGANT-SHIRT-01,Elegant shirt,Exclusive boutique,paraiso-peninsular,SHOP-CLOTH-PENI,UNKNOWN,wiki_catalogue,https://drugdealersim.com/map?game=1708850&area=isla-sombra
Vendor sells,CLOTH-ELEGANT-SHIRT-02,Elegant shirt,Exclusive boutique,paraiso-peninsular,SHOP-CLOTH-PENI,UNKNOWN,wiki_catalogue,https://drugdealersim.com/map?game=1708850&area=isla-sombra
Vendor sells,CLOTH-ELEGANT-SHIRT-03,Elegant shirt,Exclusive boutique,paraiso-peninsular,SHOP-CLOTH-PENI,UNKNOWN,wiki_catalogue,https://drugdealersim.com/map?game=1708850&area=isla-sombra
Vendor sells,CLOTH-ELEGANT-SHIRT,Elegant shirt,Second hand store,archipelago,SHOP-CLOTH-ARCH,UNKNOWN,wiki_catalogue,https://drugdealersim.com/map?game=1708850&area=isla-sombra
Vendor sells,CLOTH-ELEGANT-SHIRT-01,Elegant shirt,Second hand store,archipelago,SHOP-CLOTH-ARCH,UNKNOWN,wiki_catalogue,https://drugdealersim.com/map?game=1708850&area=isla-sombra
Vendor sells,CLOTH-ELEGANT-SHIRT-02,Elegant shirt,Second hand store,archipelago,SHOP-CLOTH-ARCH,UNKNOWN,wiki_catalogue,https://drugdealersim.com/map?game=1708850&area=isla-sombra
Vendor sells,CLOTH-ELEGANT-SHOES,Elegant shoes,Exclusive boutique,dueno-del-mar,SHOP-CLOTH-PORT,UNKNOWN,wiki_catalogue,https://drugdealersim.com/map?game=1708850&area=isla-sombra
Vendor sells,CLOTH-ELEGANT-SHOES-01,Elegant shoes,Exclusive boutique,dueno-del-mar,SHOP-CLOTH-PORT,UNKNOWN,wiki_catalogue,https://drugdealersim.com/map?game=1708850&area=isla-sombra
Vendor sells,CLOTH-ELEGANT-SHOES-02,Elegant shoes,Exclusive boutique,dueno-del-mar,SHOP-CLOTH-PORT,UNKNOWN,wiki_catalogue,https://drugdealersim.com/map?game=1708850&area=isla-sombra
Vendor sells,CLOTH-ELEGANT-SHOES,Elegant shoes,Exclusive boutique,paraiso-peninsular,SHOP-CLOTH-PENI,UNKNOWN,wiki_catalogue,https://drugdealersim.com/map?game=1708850&area=isla-sombra
Vendor sells,CLOTH-ELEGANT-SHOES-01,Elegant shoes,Exclusive boutique,paraiso-peninsular,SHOP-CLOTH-PENI,UNKNOWN,wiki_catalogue,https://drugdealersim.com/map?game=1708850&area=isla-sombra
Vendor sells,CLOTH-ELEGANT-SHOES-02,Elegant shoes,Exclusive boutique,paraiso-peninsular,SHOP-CLOTH-PENI,UNKNOWN,wiki_catalogue,https://drugdealersim.com/map?game=1708850&area=isla-sombra
Vendor sells,CLOTH-ELEGANT-SHOES,Elegant shoes,Second hand store,archipelago,SHOP-CLOTH-ARCH,UNKNOWN,wiki_catalogue,https://drugdealersim.com/map?game=1708850&area=isla-sombra
Vendor sells,CLOTH-ELEGANT-SHOES,Elegant shoes,Second hand store,slavs-bay,SHOP-CLOTH-SLAV,UNKNOWN,wiki_catalogue,https://drugdealersim.com/map?game=1708850&area=isla-sombra
Vendor sells,ITEM-GLASS-PIPE,Empty glass pipe,Mini-market,archipelago,SHOP-BIG-GENE-ARCH,UNKNOWN,wiki_catalogue,https://drugdealersim.com/map?game=1708850&area=isla-sombra
Vendor sells,ITEM-GLASS-PIPE,Empty glass pipe,Outdoor weed store,slavs-bay,SHOP-DRUGS-SAT,UNKNOWN,wiki_catalogue,https://drugdealersim.com/map?game=1708850&area=isla-sombra
Vendor sells,ITEM-GLASS-PIPE,Empty glass pipe,Weed store,archipelago,SHOP-DRUGS-IND,UNKNOWN,wiki_catalogue,https://drugdealersim.com/map?game=1708850&area=isla-sombra
Vendor sells,ITEM-BOX-LAB-EMPTY,Empty labeled medical box,Pharmacy,paraiso-peninsular,SHOP-PHARM-PENI,UNKNOWN,wiki_catalogue,https://drugdealersim.com/map?game=1708850&area=isla-sombra
Vendor sells,ITEM-VIAL-LAB,Empty labeled medical vial,Pharmacy,paraiso-peninsular,SHOP-PHARM-PENI,UNKNOWN,wiki_catalogue,https://drugdealersim.com/map?game=1708850&area=isla-sombra
Vendor sells,CHEM-EPHE,Ephedrine,Meth store,jungle,SHOP-DRUGS-METH,UNKNOWN,wiki_catalogue,https://drugdealersim.com/map?game=1708850&area=isla-sombra
Vendor sells,CHEM-EPHE,Ephedrine,Pharmacy,dueno-del-mar,SHOP-PHARM-PORT,UNKNOWN,wiki_catalogue,https://drugdealersim.com/map?game=1708850&area=isla-sombra
Vendor sells,CHEM-EPHE,Ephedrine,Pharmacy,paraiso-peninsular,SHOP-PHARM-PENI,UNKNOWN,wiki_catalogue,https://drugdealersim.com/map?game=1708850&area=isla-sombra
Vendor sells,PLANT-RYE-ERGOT,Ergot rye,Bakery,la-colina-sangrienta,SHOP-DRUGS-JAM,UNKNOWN,wiki_catalogue,https://drugdealersim.com/map?game=1708850&area=isla-sombra
Vendor sells,PLANT-RYE-ERGOT,Ergot rye,Grain shop,callejon,SHOP-FARM-MEX1,UNKNOWN,wiki_catalogue,https://drugdealersim.com/map?game=1708850&area=isla-sombra
Vendor sells,PLANT-RYE-ERGOT,Ergot rye,Old Man,la-colina-sangrienta,SHOP-FARM-JAM,UNKNOWN,wiki_catalogue,https://drugdealersim.com/map?game=1708850&area=isla-sombra
Vendor sells,CHEM-ERGO,Ergotamine,LSD Bum,paraiso-peninsular,SHOP-DRUGS-LSD,UNKNOWN,wiki_catalogue,https://drugdealersim.com/map?game=1708850&area=isla-sombra
Vendor sells,CHEM-ERGO,Ergotamine,Pharmacy,dueno-del-mar,SHOP-PHARM-PORT,UNKNOWN,wiki_catalogue,https://drugdealersim.com/map?game=1708850&area=isla-sombra
Vendor sells,CHEM-ERGO,Ergotamine,Pharmacy,paraiso-peninsular,SHOP-PHARM-PENI,UNKNOWN,wiki_catalogue,https://drugdealersim.com/map?game=1708850&area=isla-sombra
Vendor sells,CHEM-ETHANOL,Ethanol,Construction store,slavs-bay,SHOP-CHEM-SLAV,UNKNOWN,wiki_catalogue,https://drugdealersim.com/map?game=1708850&area=isla-sombra
Vendor sells,CHEM-ETHANOL,Ethanol,General store,archipelago,SHOP-GENE-ARCH,UNKNOWN,wiki_catalogue,https://drugdealersim.com/map?game=1708850&area=isla-sombra
Vendor sells,CHEM-ETHANOL,Ethanol,General store,callejon,SHOP-GENE-MEX1,UNKNOWN,wiki_catalogue,https://drugdealersim.com/map?game=1708850&area=isla-sombra
Vendor sells,CHEM-ETHANOL,Ethanol,General store,dueno-del-mar,SHOP-GENE-PORT,UNKNOWN,wiki_catalogue,https://drugdealersim.com/map?game=1708850&area=isla-sombra
Vendor sells,CHEM-ETHANOL,Ethanol,General store,jungle,SHOP-GENE-MEX2,UNKNOWN,wiki_catalogue,https://drugdealersim.com/map?game=1708850&area=isla-sombra
Vendor sells,CHEM-ETHANOL,Ethanol,General store,la-colina-sangrienta,SHOP-GENE-JAM,UNKNOWN,wiki_catalogue,https://drugdealersim.com/map?game=1708850&area=isla-sombra
Vendor sells,CHEM-ETHANOL,Ethanol,General store,slavs-bay,SHOP-GENE-SLAV,UNKNOWN,wiki_catalogue,https://drugdealersim.com/map?game=1708850&area=isla-sombra
Vendor sells,CHEM-ETHANOL,Ethanol,LSD Bum,paraiso-peninsular,SHOP-DRUGS-LSD,UNKNOWN,wiki_catalogue,https://drugdealersim.com/map?game=1708850&area=isla-sombra
Vendor sells,CHEM-ETHANOL,Ethanol,Marcus' laboratory,archipelago,SHOP-DRUGS-AMPH,UNKNOWN,wiki_catalogue,https://drugdealersim.com/map?game=1708850&area=isla-sombra
Vendor sells,CHEM-ETHANOL,Ethanol,Meth store,jungle,SHOP-DRUGS-METH,UNKNOWN,wiki_catalogue,https://drugdealersim.com/map?game=1708850&area=isla-sombra
Vendor sells,CHEM-ETHANOL,Ethanol,Mini-market,archipelago,SHOP-BIG-GENE-ARCH,UNKNOWN,wiki_catalogue,https://drugdealersim.com/map?game=1708850&area=isla-sombra
Vendor sells,CHEM-ETHANOL,Ethanol,Mini-market,dueno-del-mar,SHOP-BIG-GENE-PORT,UNKNOWN,wiki_catalogue,https://drugdealersim.com/map?game=1708850&area=isla-sombra
Vendor sells,CHEM-ETHANOL,Ethanol,Mini-market,paraiso-peninsular,SHOP-BIG-GENE-PENI,UNKNOWN,wiki_catalogue,https://drugdealersim.com/map?game=1708850&area=isla-sombra
Vendor sells,CHEM-ETHANOL,Ethanol,Moonshiner,jungle,SHOP-ETHA-MEX2,UNKNOWN,wiki_catalogue,https://drugdealersim.com/map?game=1708850&area=isla-sombra
Vendor sells,CHEM-ETHANOL-M,Ethanol,Moonshiner,jungle,SHOP-ETHA-MEX2,UNKNOWN,wiki_catalogue,https://drugdealersim.com/map?game=1708850&area=isla-sombra
Vendor sells,CHEM-ETHANOL-L,Ethanol,Moonshiner,jungle,SHOP-ETHA-MEX2,UNKNOWN,wiki_catalogue,https://drugdealersim.com/map?game=1708850&area=isla-sombra
Vendor sells,CHEM-ETHANOL,Ethanol,Pharmacy,dueno-del-mar,SHOP-PHARM-PORT,UNKNOWN,wiki_catalogue,https://drugdealersim.com/map?game=1708850&area=isla-sombra
Vendor sells,CHEM-ETHANOL,Ethanol,Pharmacy,paraiso-peninsular,SHOP-PHARM-PENI,UNKNOWN,wiki_catalogue,https://drugdealersim.com/map?game=1708850&area=isla-sombra
Vendor sells,UNKNOWN,Ethanol (200ml),Marcus,small-island,UNKNOWN,UNKNOWN,wiki_catalogue,https://drugdealersim.com/map?game=1708850&area=isla-sombra
Vendor sells,UNKNOWN,Ethanol (200Ml),Shop - Luciano Cruz,archipelago,UNKNOWN,UNKNOWN,wiki_catalogue,https://drugdealersim.com/map?game=1708850&area=isla-sombra
Vendor sells,TOOL-FAN,Fan,Hardware store,bahia-de-oro-favela,SHOP-HARD-CITY-FAV,UNKNOWN,wiki_catalogue,https://drugdealersim.com/map?game=1708850&area=isla-sombra
Vendor sells,TOOL-FAN,Fan,Hardware store,jungle,SHOP-HARD-MEX2,UNKNOWN,wiki_catalogue,https://drugdealersim.com/map?game=1708850&area=isla-sombra
Vendor sells,TOOL-FAN,Fan,Hardware store,la-colina-sangrienta,SHOP-HARD-JAM,UNKNOWN,wiki_catalogue,https://drugdealersim.com/map?game=1708850&area=isla-sombra
Vendor sells,TOOL-FAN,Fan,Outdoor weed store,slavs-bay,SHOP-DRUGS-SAT,UNKNOWN,wiki_catalogue,https://drugdealersim.com/map?game=1708850&area=isla-sombra
Vendor sells,TOOL-FAN,Fan,Weed store,archipelago,SHOP-DRUGS-IND,UNKNOWN,wiki_catalogue,https://drugdealersim.com/map?game=1708850&area=isla-sombra
Vendor sells,CLOTH-FANNYPACK,Fannypack,Exclusive boutique,dueno-del-mar,SHOP-CLOTH-PORT,UNKNOWN,wiki_catalogue,https://drugdealersim.com/map?game=1708850&area=isla-sombra
Vendor sells,CLOTH-FANNYPACK,Fannypack,Hardware store,bahia-de-oro-favela,SHOP-HARD-CITY-FAV,UNKNOWN,wiki_catalogue,https://drugdealersim.com/map?game=1708850&area=isla-sombra
Vendor sells,CLOTH-FANNYPACK,Fannypack,Hardware store,callejon,SHOP-CLOTH-MEX1,UNKNOWN,wiki_catalogue,https://drugdealersim.com/map?game=1708850&area=isla-sombra
Vendor sells,CLOTH-FANNYPACK,Fannypack,Hardware store,jungle,SHOP-HARD-MEX2,UNKNOWN,wiki_catalogue,https://drugdealersim.com/map?game=1708850&area=isla-sombra
Vendor sells,CLOTH-FANNYPACK,Fannypack,Hardware store,la-colina-sangrienta,SHOP-HARD-JAM,UNKNOWN,wiki_catalogue,https://drugdealersim.com/map?game=1708850&area=isla-sombra
Vendor sells,CLOTH-FANNYPACK,Fannypack,Military equipment shop,dueno-del-mar,SHOP-HARD-PORT,UNKNOWN,wiki_catalogue,https://drugdealersim.com/map?game=1708850&area=isla-sombra
Vendor sells,CLOTH-FANNYPACK,Fannypack,Second hand store,archipelago,SHOP-CLOTH-ARCH,UNKNOWN,wiki_catalogue,https://drugdealersim.com/map?game=1708850&area=isla-sombra
Vendor sells,CLOTH-FANNYPACK,Fannypack,Second hand store,archipelago,SHOP-CLOTH-ARCH,UNKNOWN,wiki_catalogue,https://drugdealersim.com/map?game=1708850&area=isla-sombra
Vendor sells,CLOTH-FANNYPACK,Fannypack,Second hand store,slavs-bay,SHOP-CLOTH-SLAV,UNKNOWN,wiki_catalogue,https://drugdealersim.com/map?game=1708850&area=isla-sombra
Vendor sells,CLOTH-SUIT-HAT,Fedora,Exclusive boutique,dueno-del-mar,SHOP-CLOTH-PORT,UNKNOWN,wiki_catalogue,https://drugdealersim.com/map?game=1708850&area=isla-sombra
Vendor sells,CLOTH-SUIT-HAT,Fedora,Exclusive boutique,paraiso-peninsular,SHOP-CLOTH-PENI,UNKNOWN,wiki_catalogue,https://drugdealersim.com/map?game=1708850&area=isla-sombra
Vendor sells,ITEM-FERTILIZER-M,Fertilizer,Construction store,slavs-bay,SHOP-CHEM-SLAV,UNKNOWN,wiki_catalogue,https://drugdealersim.com/map?game=1708850&area=isla-sombra
Vendor sells,ITEM-FERTILIZER-L,Fertilizer,Construction store,slavs-bay,SHOP-CHEM-SLAV,UNKNOWN,wiki_catalogue,https://drugdealersim.com/map?game=1708850&area=isla-sombra
Vendor sells,ITEM-FERTILIZER-M,Fertilizer,General store,archipelago,SHOP-GENE-ARCH,UNKNOWN,wiki_catalogue,https://drugdealersim.com/map?game=1708850&area=isla-sombra
Vendor sells,ITEM-FERTILIZER-M,Fertilizer,General store,callejon,SHOP-GENE-MEX1,UNKNOWN,wiki_catalogue,https://drugdealersim.com/map?game=1708850&area=isla-sombra
Vendor sells,ITEM-FERTILIZER-L,Fertilizer,General store,callejon,SHOP-GENE-MEX1,UNKNOWN,wiki_catalogue,https://drugdealersim.com/map?game=1708850&area=isla-sombra
Vendor sells,ITEM-FERTILIZER-M,Fertilizer,General store,dueno-del-mar,SHOP-GENE-PORT,UNKNOWN,wiki_catalogue,https://drugdealersim.com/map?game=1708850&area=isla-sombra
Vendor sells,ITEM-FERTILIZER-L,Fertilizer,General store,dueno-del-mar,SHOP-GENE-PORT,UNKNOWN,wiki_catalogue,https://drugdealersim.com/map?game=1708850&area=isla-sombra
Vendor sells,ITEM-FERTILIZER-M,Fertilizer,General store,jungle,SHOP-GENE-MEX2,UNKNOWN,wiki_catalogue,https://drugdealersim.com/map?game=1708850&area=isla-sombra
Vendor sells,ITEM-FERTILIZER-L,Fertilizer,General store,jungle,SHOP-GENE-MEX2,UNKNOWN,wiki_catalogue,https://drugdealersim.com/map?game=1708850&area=isla-sombra
Vendor sells,ITEM-FERTILIZER-M,Fertilizer,General store,la-colina-sangrienta,SHOP-GENE-JAM,UNKNOWN,wiki_catalogue,https://drugdealersim.com/map?game=1708850&area=isla-sombra
Vendor sells,ITEM-FERTILIZER-L,Fertilizer,General store,la-colina-sangrienta,SHOP-GENE-JAM,UNKNOWN,wiki_catalogue,https://drugdealersim.com/map?game=1708850&area=isla-sombra
Vendor sells,ITEM-FERTILIZER-M,Fertilizer,General store,slavs-bay,SHOP-GENE-SLAV,UNKNOWN,wiki_catalogue,https://drugdealersim.com/map?game=1708850&area=isla-sombra
Vendor sells,ITEM-FERTILIZER-L,Fertilizer,General store,slavs-bay,SHOP-GENE-SLAV,UNKNOWN,wiki_catalogue,https://drugdealersim.com/map?game=1708850&area=isla-sombra
Vendor sells,ITEM-FERTILIZER-L,Fertilizer,Grain shop,callejon,SHOP-FARM-MEX1,UNKNOWN,wiki_catalogue,https://drugdealersim.com/map?game=1708850&area=isla-sombra
Vendor sells,ITEM-FERTILIZER-M,Fertilizer,Mini-market,archipelago,SHOP-BIG-GENE-ARCH,UNKNOWN,wiki_catalogue,https://drugdealersim.com/map?game=1708850&area=isla-sombra
Vendor sells,ITEM-FERTILIZER-L,Fertilizer,Mini-market,archipelago,SHOP-BIG-GENE-ARCH,UNKNOWN,wiki_catalogue,https://drugdealersim.com/map?game=1708850&area=isla-sombra
Vendor sells,ITEM-FERTILIZER-M,Fertilizer,Mini-market,dueno-del-mar,SHOP-BIG-GENE-PORT,UNKNOWN,wiki_catalogue,https://drugdealersim.com/map?game=1708850&area=isla-sombra
Vendor sells,ITEM-FERTILIZER-L,Fertilizer,Mini-market,dueno-del-mar,SHOP-BIG-GENE-PORT,UNKNOWN,wiki_catalogue,https://drugdealersim.com/map?game=1708850&area=isla-sombra
Vendor sells,ITEM-FERTILIZER-M,Fertilizer,Mini-market,paraiso-peninsular,SHOP-BIG-GENE-PENI,UNKNOWN,wiki_catalogue,https://drugdealersim.com/map?game=1708850&area=isla-sombra
Vendor sells,ITEM-FERTILIZER-L,Fertilizer,Mini-market,paraiso-peninsular,SHOP-BIG-GENE-PENI,UNKNOWN,wiki_catalogue,https://drugdealersim.com/map?game=1708850&area=isla-sombra
Vendor sells,ITEM-FERTILIZER-L,Fertilizer,Poppy shop,callejon,SHOP-FARM2-MEX1,UNKNOWN,wiki_catalogue,https://drugdealersim.com/map?game=1708850&area=isla-sombra
Vendor sells,ITEM-FERTILIZER-M,Fertilizer,Weed store,archipelago,SHOP-DRUGS-IND,UNKNOWN,wiki_catalogue,https://drugdealersim.com/map?game=1708850&area=isla-sombra
Vendor sells,UNKNOWN,Fertilizer (1Kg),Shop - Luciano Cruz,archipelago,UNKNOWN,UNKNOWN,wiki_catalogue,https://drugdealersim.com/map?game=1708850&area=isla-sombra
Vendor sells,UNKNOWN,Festive spice (600G),Shop - Luciano Cruz,archipelago,UNKNOWN,UNKNOWN,wiki_catalogue,https://drugdealersim.com/map?game=1708850&area=isla-sombra
Vendor sells,CHRISTMAS-SPICE-PACK,Festive Spice Pack,General store,callejon,SHOP-GENE-MEX1,UNKNOWN,wiki_catalogue,https://drugdealersim.com/map?game=1708850&area=isla-sombra
Vendor sells,CHRISTMAS-SPICE-PACK,Festive Spice Pack,General store,dueno-del-mar,SHOP-GENE-PORT,UNKNOWN,wiki_catalogue,https://drugdealersim.com/map?game=1708850&area=isla-sombra
Vendor sells,CHRISTMAS-SPICE-PACK,Festive Spice Pack,General store,jungle,SHOP-GENE-MEX2,UNKNOWN,wiki_catalogue,https://drugdealersim.com/map?game=1708850&area=isla-sombra
Vendor sells,CHRISTMAS-SPICE-PACK,Festive Spice Pack,General store,slavs-bay,SHOP-GENE-SLAV,UNKNOWN,wiki_catalogue,https://drugdealersim.com/map?game=1708850&area=isla-sombra
Vendor sells,CHRISTMAS-SPICE-PACK,Festive Spice Pack,Mini-market,archipelago,SHOP-BIG-GENE-ARCH,UNKNOWN,wiki_catalogue,https://drugdealersim.com/map?game=1708850&area=isla-sombra
Vendor sells,CHRISTMAS-SPICE-PACK,Festive Spice Pack,Mini-market,dueno-del-mar,SHOP-BIG-GENE-PORT,UNKNOWN,wiki_catalogue,https://drugdealersim.com/map?game=1708850&area=isla-sombra
Vendor sells,CHRISTMAS-SPICE-PACK,Festive Spice Pack,Mini-market,paraiso-peninsular,SHOP-BIG-GENE-PENI,UNKNOWN,wiki_catalogue,https://drugdealersim.com/map?game=1708850&area=isla-sombra
Vendor sells,CLOTH-FIELD-BOOTS,Field boots,Hardware store,bahia-de-oro-favela,SHOP-HARD-CITY-FAV,UNKNOWN,wiki_catalogue,https://drugdealersim.com/map?game=1708850&area=isla-sombra
Vendor sells,CLOTH-FIELD-BOOTS,Field boots,Hardware store,jungle,SHOP-HARD-MEX2,UNKNOWN,wiki_catalogue,https://drugdealersim.com/map?game=1708850&area=isla-sombra
Vendor sells,CLOTH-FIELD-BOOTS,Field boots,Hardware store,la-colina-sangrienta,SHOP-HARD-JAM,UNKNOWN,wiki_catalogue,https://drugdealersim.com/map?game=1708850&area=isla-sombra
Vendor sells,CLOTH-FIELD-BOOTS,Field boots,Hardware store,volcano-island,SHOP-HARD-VOL,UNKNOWN,wiki_catalogue,https://drugdealersim.com/map?game=1708850&area=isla-sombra
Vendor sells,CLOTH-FIELD-BOOTS,Field boots,Military equipment shop,dueno-del-mar,SHOP-HARD-PORT,UNKNOWN,wiki_catalogue,https://drugdealersim.com/map?game=1708850&area=isla-sombra
Vendor sells,ITEM-FIRECRACKER,Firecracker,Hardware store,bahia-de-oro-favela,SHOP-HARD-CITY-FAV,UNKNOWN,wiki_catalogue,https://drugdealersim.com/map?game=1708850&area=isla-sombra
Vendor sells,ITEM-FIRECRACKER,Firecracker,Hardware store,callejon,SHOP-CLOTH-MEX1,UNKNOWN,wiki_catalogue,https://drugdealersim.com/map?game=1708850&area=isla-sombra
Vendor sells,ITEM-FIRECRACKER,Firecracker,Hardware store,jungle,SHOP-HARD-MEX2,UNKNOWN,wiki_catalogue,https://drugdealersim.com/map?game=1708850&area=isla-sombra
Vendor sells,ITEM-FIRECRACKER,Firecracker,Hardware store,la-colina-sangrienta,SHOP-HARD-JAM,UNKNOWN,wiki_catalogue,https://drugdealersim.com/map?game=1708850&area=isla-sombra
Vendor sells,ITEM-FIRECRACKER,Firecracker,Hardware store,volcano-island,SHOP-HARD-VOL,UNKNOWN,wiki_catalogue,https://drugdealersim.com/map?game=1708850&area=isla-sombra
Vendor sells,MED-AID-KIT,First aid kit,Pharmacy,dueno-del-mar,SHOP-PHARM-PORT,UNKNOWN,wiki_catalogue,https://drugdealersim.com/map?game=1708850&area=isla-sombra
Vendor sells,MED-AID-KIT,First aid kit,Pharmacy,paraiso-peninsular,SHOP-PHARM-PENI,UNKNOWN,wiki_catalogue,https://drugdealersim.com/map?game=1708850&area=isla-sombra
Vendor sells,TOOL-FLASHLIGHT-M,Flashlight,Bogdan the Mechanic,slavs-bay,SHOP-MECH-SLAV,UNKNOWN,wiki_catalogue,https://drugdealersim.com/map?game=1708850&area=isla-sombra
Vendor sells,TOOL-FLASHLIGHT-M,Flashlight,General store,archipelago,SHOP-GENE-ARCH,UNKNOWN,wiki_catalogue,https://drugdealersim.com/map?game=1708850&area=isla-sombra
Vendor sells,TOOL-FLASHLIGHT-M,Flashlight,General store,dueno-del-mar,SHOP-GENE-PORT,UNKNOWN,wiki_catalogue,https://drugdealersim.com/map?game=1708850&area=isla-sombra
Vendor sells,TOOL-FLASHLIGHT-M,Flashlight,General store,slavs-bay,SHOP-GENE-SLAV,UNKNOWN,wiki_catalogue,https://drugdealersim.com/map?game=1708850&area=isla-sombra
Vendor sells,TOOL-FLASHLIGHT-M,Flashlight,Hardware store,bahia-de-oro-favela,SHOP-HARD-CITY-FAV,UNKNOWN,wiki_catalogue,https://drugdealersim.com/map?game=1708850&area=isla-sombra
Vendor sells,TOOL-FLASHLIGHT-M,Flashlight,Hardware store,callejon,SHOP-CLOTH-MEX1,UNKNOWN,wiki_catalogue,https://drugdealersim.com/map?game=1708850&area=isla-sombra
Vendor sells,TOOL-FLASHLIGHT-M,Flashlight,Hardware store,jungle,SHOP-HARD-MEX2,UNKNOWN,wiki_catalogue,https://drugdealersim.com/map?game=1708850&area=isla-sombra
Vendor sells,TOOL-FLASHLIGHT-M,Flashlight,Hardware store,la-colina-sangrienta,SHOP-HARD-JAM,UNKNOWN,wiki_catalogue,https://drugdealersim.com/map?game=1708850&area=isla-sombra
Vendor sells,TOOL-FLASHLIGHT-M,Flashlight,Hardware store,volcano-island,SHOP-HARD-VOL,UNKNOWN,wiki_catalogue,https://drugdealersim.com/map?game=1708850&area=isla-sombra
Vendor sells,TOOL-FLASHLIGHT-M,Flashlight,Military equipment shop,dueno-del-mar,SHOP-HARD-PORT,UNKNOWN,wiki_catalogue,https://drugdealersim.com/map?game=1708850&area=isla-sombra
Vendor sells,TOOL-FLASHLIGHT-M,Flashlight,Mini-market,archipelago,SHOP-BIG-GENE-ARCH,UNKNOWN,wiki_catalogue,https://drugdealersim.com/map?game=1708850&area=isla-sombra
Vendor sells,TOOL-FLASHLIGHT-M,Flashlight,Mini-market,dueno-del-mar,SHOP-BIG-GENE-PORT,UNKNOWN,wiki_catalogue,https://drugdealersim.com/map?game=1708850&area=isla-sombra
Vendor sells,TOOL-FLASHLIGHT-M,Flashlight,Mini-market,paraiso-peninsular,SHOP-BIG-GENE-PENI,UNKNOWN,wiki_catalogue,https://drugdealersim.com/map?game=1708850&area=isla-sombra
Vendor sells,UNKNOWN,Flashlight,Shop - Luciano Cruz,archipelago,UNKNOWN,UNKNOWN,wiki_catalogue,https://drugdealersim.com/map?game=1708850&area=isla-sombra
Vendor sells,EQ-FLOOR-LAMP-BAS,Floor lamp,Furniture store,archipelago,SHOP-FURN-ARCH,UNKNOWN,wiki_catalogue,https://drugdealersim.com/map?game=1708850&area=isla-sombra
Vendor sells,EQ-FLOOR-LAMP-MOD,Floor lamp,Furniture store,archipelago,SHOP-FURN-ARCH,UNKNOWN,wiki_catalogue,https://drugdealersim.com/map?game=1708850&area=isla-sombra
Vendor sells,EQ-FLOOR-LAMP-BAS,Floor lamp,Furniture store,dueno-del-mar,SHOP-FURN-PORT,UNKNOWN,wiki_catalogue,https://drugdealersim.com/map?game=1708850&area=isla-sombra
Vendor sells,EQ-FLOOR-LAMP-MOD,Floor lamp,Furniture store,dueno-del-mar,SHOP-FURN-PORT,UNKNOWN,wiki_catalogue,https://drugdealersim.com/map?game=1708850&area=isla-sombra
Vendor sells,EQ-FLOOR-LAMP-BAS,Floor lamp,Furniture store,la-colina-sangrienta,SHOP-FURN-JAM,UNKNOWN,wiki_catalogue,https://drugdealersim.com/map?game=1708850&area=isla-sombra
Vendor sells,EQ-FLOOR-LAMP-BAS,Floor lamp,Furniture store,paraiso-peninsular,SHOP-FURN-PENI,UNKNOWN,wiki_catalogue,https://drugdealersim.com/map?game=1708850&area=isla-sombra
Vendor sells,EQ-FLOOR-LAMP-MOD,Floor lamp,Furniture store,paraiso-peninsular,SHOP-FURN-PENI,UNKNOWN,wiki_catalogue,https://drugdealersim.com/map?game=1708850&area=isla-sombra
Vendor sells,EQ-FLOOR-LAMP-BAS,Floor lamp,Furniture store,slavs-bay,SHOP-FURN-SLAV,UNKNOWN,wiki_catalogue,https://drugdealersim.com/map?game=1708850&area=isla-sombra
Vendor sells,TOOL-POT,Flower pot,Grain shop,callejon,SHOP-FARM-MEX1,UNKNOWN,wiki_catalogue,https://drugdealersim.com/map?game=1708850&area=isla-sombra
Vendor sells,TOOL-POT,Flower pot,Hardware store,bahia-de-oro-favela,SHOP-HARD-CITY-FAV,UNKNOWN,wiki_catalogue,https://drugdealersim.com/map?game=1708850&area=isla-sombra
Vendor sells,TOOL-POT,Flower pot,Hardware store,callejon,SHOP-CLOTH-MEX1,UNKNOWN,wiki_catalogue,https://drugdealersim.com/map?game=1708850&area=isla-sombra
Vendor sells,TOOL-POT,Flower pot,Hardware store,jungle,SHOP-HARD-MEX2,UNKNOWN,wiki_catalogue,https://drugdealersim.com/map?game=1708850&area=isla-sombra
Vendor sells,TOOL-POT,Flower pot,Hardware store,la-colina-sangrienta,SHOP-HARD-JAM,UNKNOWN,wiki_catalogue,https://drugdealersim.com/map?game=1708850&area=isla-sombra
Vendor sells,TOOL-POT,Flower pot,Old Man,la-colina-sangrienta,SHOP-FARM-JAM,UNKNOWN,wiki_catalogue,https://drugdealersim.com/map?game=1708850&area=isla-sombra
Vendor sells,TOOL-POT,Flower pot,Outdoor weed store,slavs-bay,SHOP-DRUGS-SAT,UNKNOWN,wiki_catalogue,https://drugdealersim.com/map?game=1708850&area=isla-sombra
Vendor sells,TOOL-POT,Flower pot,Poppy shop,callejon,SHOP-FARM2-MEX1,UNKNOWN,wiki_catalogue,https://drugdealersim.com/map?game=1708850&area=isla-sombra
Vendor sells,TOOL-POT,Flower pot,Weed store,archipelago,SHOP-DRUGS-IND,UNKNOWN,wiki_catalogue,https://drugdealersim.com/map?game=1708850&area=isla-sombra
Vendor sells,EQ-DECOR-PHOTO-01,Framed photograph,Furniture store,dueno-del-mar,SHOP-FURN-PORT,UNKNOWN,wiki_catalogue,https://drugdealersim.com/map?game=1708850&area=isla-sombra
Vendor sells,EQ-DECOR-PHOTO-02,Framed photograph,Furniture store,dueno-del-mar,SHOP-FURN-PORT,UNKNOWN,wiki_catalogue,https://drugdealersim.com/map?game=1708850&area=isla-sombra
Vendor sells,EQ-DECOR-PHOTO-03,Framed photograph,Furniture store,dueno-del-mar,SHOP-FURN-PORT,UNKNOWN,wiki_catalogue,https://drugdealersim.com/map?game=1708850&area=isla-sombra
Vendor sells,EQ-DECOR-PHOTO-01,Framed photograph,Furniture store,paraiso-peninsular,SHOP-FURN-PENI,UNKNOWN,wiki_catalogue,https://drugdealersim.com/map?game=1708850&area=isla-sombra
Vendor sells,EQ-DECOR-PHOTO-02,Framed photograph,Furniture store,paraiso-peninsular,SHOP-FURN-PENI,UNKNOWN,wiki_catalogue,https://drugdealersim.com/map?game=1708850&area=isla-sombra
Vendor sells,EQ-DECOR-PHOTO-03,Framed photograph,Furniture store,paraiso-peninsular,SHOP-FURN-PENI,UNKNOWN,wiki_catalogue,https://drugdealersim.com/map?game=1708850&area=isla-sombra
Vendor sells,ITEM-GAS-MASK,Gas mask,Hardware store,bahia-de-oro-favela,SHOP-HARD-CITY-FAV,UNKNOWN,wiki_catalogue,https://drugdealersim.com/map?game=1708850&area=isla-sombra
Vendor sells,ITEM-GAS-MASK,Gas mask,Hardware store,la-colina-sangrienta,SHOP-HARD-JAM,UNKNOWN,wiki_catalogue,https://drugdealersim.com/map?game=1708850&area=isla-sombra
Vendor sells,ITEM-GAS-MASK,Gas mask,Military equipment shop,dueno-del-mar,SHOP-HARD-PORT,UNKNOWN,wiki_catalogue,https://drugdealersim.com/map?game=1708850&area=isla-sombra
Vendor sells,ITEM-GAS-CANISTER-M,Gasoline,Boat Seller,dueno-del-mar,SHOP-BOAT-PORT,UNKNOWN,wiki_catalogue,https://drugdealersim.com/map?game=1708850&area=isla-sombra
Vendor sells,ITEM-GAS-CANISTER-L,Gasoline,Boat Seller,dueno-del-mar,SHOP-BOAT-PORT,UNKNOWN,wiki_catalogue,https://drugdealersim.com/map?game=1708850&area=isla-sombra
Vendor sells,ITEM-GAS-CANISTER-M,Gasoline,Bogdan the Mechanic,slavs-bay,SHOP-MECH-SLAV,UNKNOWN,wiki_catalogue,https://drugdealersim.com/map?game=1708850&area=isla-sombra
Vendor sells,ITEM-GAS-CANISTER-L,Gasoline,Bogdan the Mechanic,slavs-bay,SHOP-MECH-SLAV,UNKNOWN,wiki_catalogue,https://drugdealersim.com/map?game=1708850&area=isla-sombra
Vendor sells,ITEM-GAS-CANISTER-M,Gasoline,Fuel depot,archipelago,SHOP-GAS-MEX1,UNKNOWN,wiki_catalogue,https://drugdealersim.com/map?game=1708850&area=isla-sombra
Vendor sells,ITEM-GAS-CANISTER-L,Gasoline,Fuel depot,archipelago,SHOP-GAS-MEX1,UNKNOWN,wiki_catalogue,https://drugdealersim.com/map?game=1708850&area=isla-sombra
Vendor sells,ITEM-GAS-CANISTER-M,Gasoline,Fuel depot,archipelago,SHOP-GAS-ARCH,UNKNOWN,wiki_catalogue,https://drugdealersim.com/map?game=1708850&area=isla-sombra
Vendor sells,ITEM-GAS-CANISTER-L,Gasoline,Fuel depot,archipelago,SHOP-GAS-ARCH,UNKNOWN,wiki_catalogue,https://drugdealersim.com/map?game=1708850&area=isla-sombra
Vendor sells,ITEM-GAS-CANISTER-M,Gasoline,Fuel depot,dueno-del-mar,SHOP-GAS-PORT,UNKNOWN,wiki_catalogue,https://drugdealersim.com/map?game=1708850&area=isla-sombra
Vendor sells,ITEM-GAS-CANISTER-L,Gasoline,Fuel depot,dueno-del-mar,SHOP-GAS-PORT,UNKNOWN,wiki_catalogue,https://drugdealersim.com/map?game=1708850&area=isla-sombra
Vendor sells,ITEM-GAS-CANISTER-M,Gasoline,Fuel depot,slavs-bay,SHOP-GAS-SLAV,UNKNOWN,wiki_catalogue,https://drugdealersim.com/map?game=1708850&area=isla-sombra
Vendor sells,ITEM-GAS-CANISTER-L,Gasoline,Fuel depot,slavs-bay,SHOP-GAS-SLAV,UNKNOWN,wiki_catalogue,https://drugdealersim.com/map?game=1708850&area=isla-sombra
Vendor sells,ITEM-GAS-CANISTER-M,Gasoline,General store,callejon,SHOP-GENE-MEX1,UNKNOWN,wiki_catalogue,https://drugdealersim.com/map?game=1708850&area=isla-sombra
Vendor sells,ITEM-GAS-CANISTER-M,Gasoline,General store,jungle,SHOP-GENE-MEX2,UNKNOWN,wiki_catalogue,https://drugdealersim.com/map?game=1708850&area=isla-sombra
Vendor sells,ITEM-GAS-CANISTER-M,Gasoline,General store,la-colina-sangrienta,SHOP-GENE-JAM,UNKNOWN,wiki_catalogue,https://drugdealersim.com/map?game=1708850&area=isla-sombra
Vendor sells,ITEM-GAS-CANISTER-M,Gasoline,Hardware store,bahia-de-oro-favela,SHOP-HARD-CITY-FAV,UNKNOWN,wiki_catalogue,https://drugdealersim.com/map?game=1708850&area=isla-sombra
Vendor sells,ITEM-GAS-CANISTER-M,Gasoline,Hardware store,la-colina-sangrienta,SHOP-HARD-JAM,UNKNOWN,wiki_catalogue,https://drugdealersim.com/map?game=1708850&area=isla-sombra
Vendor sells,ITEM-GAS-CANISTER-M,Gasoline,Hardware store,volcano-island,SHOP-HARD-VOL,UNKNOWN,wiki_catalogue,https://drugdealersim.com/map?game=1708850&area=isla-sombra
Vendor sells,ITEM-GAS-CANISTER-L,Gasoline,Hardware store,volcano-island,SHOP-HARD-VOL,UNKNOWN,wiki_catalogue,https://drugdealersim.com/map?game=1708850&area=isla-sombra
Vendor sells,ITEM-GAS-CANISTER-M,Gasoline,Mechanic,archipelago,SHOP-MECH-ARCH,UNKNOWN,wiki_catalogue,https://drugdealersim.com/map?game=1708850&area=isla-sombra
Vendor sells,ITEM-GAS-CANISTER-L,Gasoline,Mechanic,archipelago,SHOP-MECH-ARCH,UNKNOWN,wiki_catalogue,https://drugdealersim.com/map?game=1708850&area=isla-sombra
Vendor sells,JEWEL-GLASSES,Glasses,Exclusive boutique,dueno-del-mar,SHOP-CLOTH-PORT,UNKNOWN,wiki_catalogue,https://drugdealersim.com/map?game=1708850&area=isla-sombra
Vendor sells,JEWEL-GLASSES-01,Glasses,Exclusive boutique,dueno-del-mar,SHOP-CLOTH-PORT,UNKNOWN,wiki_catalogue,https://drugdealersim.com/map?game=1708850&area=isla-sombra
Vendor sells,JEWEL-GLASSES-02,Glasses,Exclusive boutique,dueno-del-mar,SHOP-CLOTH-PORT,UNKNOWN,wiki_catalogue,https://drugdealersim.com/map?game=1708850&area=isla-sombra
Vendor sells,JEWEL-GLASSES,Glasses,Exclusive boutique,paraiso-peninsular,SHOP-CLOTH-PENI,UNKNOWN,wiki_catalogue,https://drugdealersim.com/map?game=1708850&area=isla-sombra
Vendor sells,JEWEL-GLASSES-01,Glasses,Exclusive boutique,paraiso-peninsular,SHOP-CLOTH-PENI,UNKNOWN,wiki_catalogue,https://drugdealersim.com/map?game=1708850&area=isla-sombra
Vendor sells,JEWEL-GLASSES-02,Glasses,Exclusive boutique,paraiso-peninsular,SHOP-CLOTH-PENI,UNKNOWN,wiki_catalogue,https://drugdealersim.com/map?game=1708850&area=isla-sombra
Vendor sells,JEWEL-GLASSES,Glasses,General store,dueno-del-mar,SHOP-GENE-PORT,UNKNOWN,wiki_catalogue,https://drugdealersim.com/map?game=1708850&area=isla-sombra
Vendor sells,JEWEL-GLASSES,Glasses,General store,slavs-bay,SHOP-GENE-SLAV,UNKNOWN,wiki_catalogue,https://drugdealersim.com/map?game=1708850&area=isla-sombra
Vendor sells,JEWEL-GLASSES,Glasses,Hardware store,callejon,SHOP-CLOTH-MEX1,UNKNOWN,wiki_catalogue,https://drugdealersim.com/map?game=1708850&area=isla-sombra
Vendor sells,JEWEL-GLASSES,Glasses,Mini-market,archipelago,SHOP-BIG-GENE-ARCH,UNKNOWN,wiki_catalogue,https://drugdealersim.com/map?game=1708850&area=isla-sombra
Vendor sells,JEWEL-GLASSES,Glasses,Mini-market,dueno-del-mar,SHOP-BIG-GENE-PORT,UNKNOWN,wiki_catalogue,https://drugdealersim.com/map?game=1708850&area=isla-sombra
Vendor sells,JEWEL-GLASSES,Glasses,Mini-market,paraiso-peninsular,SHOP-BIG-GENE-PENI,UNKNOWN,wiki_catalogue,https://drugdealersim.com/map?game=1708850&area=isla-sombra
Vendor sells,JEWEL-GLASSES,Glasses,Second hand store,archipelago,SHOP-CLOTH-ARCH,UNKNOWN,wiki_catalogue,https://drugdealersim.com/map?game=1708850&area=isla-sombra
Vendor sells,JEWEL-GLASSES,Glasses,Second hand store,archipelago,SHOP-CLOTH-ARCH,UNKNOWN,wiki_catalogue,https://drugdealersim.com/map?game=1708850&area=isla-sombra
Vendor sells,JEWEL-GLASSES-01,Glasses,Second hand store,archipelago,SHOP-CLOTH-ARCH,UNKNOWN,wiki_catalogue,https://drugdealersim.com/map?game=1708850&area=isla-sombra
Vendor sells,JEWEL-GLASSES-02,Glasses,Second hand store,archipelago,SHOP-CLOTH-ARCH,UNKNOWN,wiki_catalogue,https://drugdealersim.com/map?game=1708850&area=isla-sombra
Vendor sells,JEWEL-GLASSES,Glasses,Second hand store,slavs-bay,SHOP-CLOTH-SLAV,UNKNOWN,wiki_catalogue,https://drugdealersim.com/map?game=1708850&area=isla-sombra
Vendor sells,JEWEL-GLASSES-01,Glasses,Second hand store,slavs-bay,SHOP-CLOTH-SLAV,UNKNOWN,wiki_catalogue,https://drugdealersim.com/map?game=1708850&area=isla-sombra
Vendor sells,JEWEL-GLASSES-02,Glasses,Second hand store,slavs-bay,SHOP-CLOTH-SLAV,UNKNOWN,wiki_catalogue,https://drugdealersim.com/map?game=1708850&area=isla-sombra
Vendor sells,JEWEL-GOLD-CHAIN,Gold chain,Exclusive boutique,dueno-del-mar,SHOP-CLOTH-PORT,UNKNOWN,wiki_catalogue,https://drugdealersim.com/map?game=1708850&area=isla-sombra
Vendor sells,JEWEL-GOLD-CHAIN,Gold chain,Exclusive boutique,paraiso-peninsular,SHOP-CLOTH-PENI,UNKNOWN,wiki_catalogue,https://drugdealersim.com/map?game=1708850&area=isla-sombra
Vendor sells,JEWEL-GOLD-CHAIN,Gold chain,Pawn shop,bahia-de-oro-favela,SHOP-PAWN-CITY-FAV,UNKNOWN,wiki_catalogue,https://drugdealersim.com/map?game=1708850&area=isla-sombra
Vendor sells,JEWEL-GOLD-CHAIN,Gold chain,Pawn shop,callejon,SHOP-PAWN-MEX1,UNKNOWN,wiki_catalogue,https://drugdealersim.com/map?game=1708850&area=isla-sombra
Vendor sells,JEWEL-GOLD-CHAIN,Gold chain,Pawn shop,dueno-del-mar,SHOP-PAWN-PORT,UNKNOWN,wiki_catalogue,https://drugdealersim.com/map?game=1708850&area=isla-sombra
Vendor sells,JEWEL-GOLD-CHAIN,Gold chain,Pawn shop,jungle,SHOP-PAWN-MEX2,UNKNOWN,wiki_catalogue,https://drugdealersim.com/map?game=1708850&area=isla-sombra
Vendor sells,JEWEL-GOLD-CHAIN,Gold chain,Pawn shop,la-colina-sangrienta,SHOP-PAWN-JAM,UNKNOWN,wiki_catalogue,https://drugdealersim.com/map?game=1708850&area=isla-sombra
Vendor sells,JEWEL-GOLD-CHAIN,Gold chain,Pawn shop,paraiso-peninsular,SHOP-PAWN-PENI,UNKNOWN,wiki_catalogue,https://drugdealersim.com/map?game=1708850&area=isla-sombra
Vendor sells,JEWEL-GOLD-CHAIN,Gold chain,Pawn shop,slavs-bay,SHOP-PAWN-SLAV,UNKNOWN,wiki_catalogue,https://drugdealersim.com/map?game=1708850&area=isla-sombra
Vendor sells,ITEM-GPS,GPS tracker,CIA agent,bahia-de-oro-favela,SHOP-CIA,UNKNOWN,wiki_catalogue,https://drugdealersim.com/map?game=1708850&area=isla-sombra
Vendor sells,PLANT-GROWBOX,Growbox,Equipment and upgrade store,la-colina-sangrienta,SHOP-LABEQ-JAM,UNKNOWN,wiki_catalogue,https://drugdealersim.com/map?game=1708850&area=isla-sombra
Vendor sells,PLANT-GROWBOX,Growbox,Equipment store,archipelago,SHOP-LABEQ-ARCH,UNKNOWN,wiki_catalogue,https://drugdealersim.com/map?game=1708850&area=isla-sombra
Vendor sells,PLANT-GROWBOX,Growbox,Ghetto equipment store,bahia-de-oro-favela,SHOP-LABEQ-CITY-FAV,UNKNOWN,wiki_catalogue,https://drugdealersim.com/map?game=1708850&area=isla-sombra
Vendor sells,PLANT-GROWBOX,Growbox,Ghetto equipment store,slavs-bay,SHOP-LABEQ-SLAV,UNKNOWN,wiki_catalogue,https://drugdealersim.com/map?game=1708850&area=isla-sombra
Vendor buys,TOOL-WEP-HAMMER,Hammer,Tom the Tech,UNKNOWN,buyer:tom-the-tech,800,observed_in_game,"User-supplied in-game SELL screenshot, 2026-10-08"
Vendor sells,TOOL-WEP-HAMMER,Hammer,Hardware store,bahia-de-oro-favela,SHOP-HARD-CITY-FAV,UNKNOWN,wiki_catalogue,https://drugdealersim.com/map?game=1708850&area=isla-sombra
Vendor sells,TOOL-WEP-HAMMER,Hammer,Hardware store,callejon,SHOP-CLOTH-MEX1,UNKNOWN,wiki_catalogue,https://drugdealersim.com/map?game=1708850&area=isla-sombra
Vendor sells,TOOL-WEP-HAMMER,Hammer,Hardware store,jungle,SHOP-HARD-MEX2,UNKNOWN,wiki_catalogue,https://drugdealersim.com/map?game=1708850&area=isla-sombra
Vendor sells,TOOL-WEP-HAMMER,Hammer,Hardware store,la-colina-sangrienta,SHOP-HARD-JAM,UNKNOWN,wiki_catalogue,https://drugdealersim.com/map?game=1708850&area=isla-sombra
Vendor sells,TOOL-WEP-HAMMER,Hammer,Hardware store,volcano-island,SHOP-HARD-VOL,UNKNOWN,wiki_catalogue,https://drugdealersim.com/map?game=1708850&area=isla-sombra
Vendor sells,TOOL-WEP-HAMMER,Hammer,Military equipment shop,dueno-del-mar,SHOP-HARD-PORT,UNKNOWN,wiki_catalogue,https://drugdealersim.com/map?game=1708850&area=isla-sombra
Vendor sells,CLOTH-HAT,Hat,Exclusive boutique,dueno-del-mar,SHOP-CLOTH-PORT,UNKNOWN,wiki_catalogue,https://drugdealersim.com/map?game=1708850&area=isla-sombra
Vendor sells,CLOTH-HAT,Hat,Exclusive boutique,paraiso-peninsular,SHOP-CLOTH-PENI,UNKNOWN,wiki_catalogue,https://drugdealersim.com/map?game=1708850&area=isla-sombra
Vendor sells,CLOTH-HAT,Hat,Second hand store,archipelago,SHOP-CLOTH-ARCH,UNKNOWN,wiki_catalogue,https://drugdealersim.com/map?game=1708850&area=isla-sombra
Vendor sells,CLOTH-HAT,Hat,Second hand store,archipelago,SHOP-CLOTH-ARCH,UNKNOWN,wiki_catalogue,https://drugdealersim.com/map?game=1708850&area=isla-sombra
Vendor sells,CLOTH-HAT,Hat,Second hand store,slavs-bay,SHOP-CLOTH-SLAV,UNKNOWN,wiki_catalogue,https://drugdealersim.com/map?game=1708850&area=isla-sombra
Vendor sells,TOOL-FLASHLIGHT-HID,HID flashlight,Hardware store,bahia-de-oro-favela,SHOP-HARD-CITY-FAV,UNKNOWN,wiki_catalogue,https://drugdealersim.com/map?game=1708850&area=isla-sombra
Vendor sells,TOOL-FLASHLIGHT-HID,HID flashlight,Hardware store,callejon,SHOP-CLOTH-MEX1,UNKNOWN,wiki_catalogue,https://drugdealersim.com/map?game=1708850&area=isla-sombra
Vendor sells,TOOL-FLASHLIGHT-HID,HID flashlight,Hardware store,jungle,SHOP-HARD-MEX2,UNKNOWN,wiki_catalogue,https://drugdealersim.com/map?game=1708850&area=isla-sombra
Vendor sells,TOOL-FLASHLIGHT-HID,HID flashlight,Hardware store,la-colina-sangrienta,SHOP-HARD-JAM,UNKNOWN,wiki_catalogue,https://drugdealersim.com/map?game=1708850&area=isla-sombra
Vendor sells,TOOL-FLASHLIGHT-HID,HID flashlight,Hardware store,volcano-island,SHOP-HARD-VOL,UNKNOWN,wiki_catalogue,https://drugdealersim.com/map?game=1708850&area=isla-sombra
Vendor sells,TOOL-FLASHLIGHT-HID,HID flashlight,Military equipment shop,dueno-del-mar,SHOP-HARD-PORT,UNKNOWN,wiki_catalogue,https://drugdealersim.com/map?game=1708850&area=isla-sombra
Vendor sells,TOOL-FLASHLIGHT-HID,HID flashlight,Mini-market,dueno-del-mar,SHOP-BIG-GENE-PORT,UNKNOWN,wiki_catalogue,https://drugdealersim.com/map?game=1708850&area=isla-sombra
Vendor sells,TOOL-FLASHLIGHT-HID,HID flashlight,Mini-market,paraiso-peninsular,SHOP-BIG-GENE-PENI,UNKNOWN,wiki_catalogue,https://drugdealersim.com/map?game=1708850&area=isla-sombra
Vendor sells,TOOL-FLASHLIGHT-HID,HID flashlight,Pub,callejon,SHOP-FUN2-MEX1,UNKNOWN,wiki_catalogue,https://drugdealersim.com/map?game=1708850&area=isla-sombra
Vendor sells,LABEQ-HOMEMADE-VAT,Homemade soaking vat,Equipment and upgrade store,la-colina-sangrienta,SHOP-LABEQ-JAM,UNKNOWN,wiki_catalogue,https://drugdealersim.com/map?game=1708850&area=isla-sombra
Vendor sells,LABEQ-HOMEMADE-VAT,Homemade soaking vat,Ghetto equipment store,bahia-de-oro-favela,SHOP-LABEQ-CITY-FAV,UNKNOWN,wiki_catalogue,https://drugdealersim.com/map?game=1708850&area=isla-sombra
Vendor sells,LABEQ-HOMEMADE-VAT,Homemade soaking vat,Ghetto equipment store,slavs-bay,SHOP-LABEQ-SLAV,UNKNOWN,wiki_catalogue,https://drugdealersim.com/map?game=1708850&area=isla-sombra
Vendor sells,LABEQ-HYBRID-DRYER,Hybrid dryer,Equipment and upgrade store,la-colina-sangrienta,SHOP-LABEQ-JAM,UNKNOWN,wiki_catalogue,https://drugdealersim.com/map?game=1708850&area=isla-sombra
Vendor sells,LABEQ-HYBRID-DRYER,Hybrid dryer,Equipment store,archipelago,SHOP-LABEQ-ARCH,UNKNOWN,wiki_catalogue,https://drugdealersim.com/map?game=1708850&area=isla-sombra
Vendor sells,LABEQ-HYBRID-DRYER,Hybrid dryer,Ghetto equipment store,bahia-de-oro-favela,SHOP-LABEQ-CITY-FAV,UNKNOWN,wiki_catalogue,https://drugdealersim.com/map?game=1708850&area=isla-sombra
Vendor sells,LABEQ-HYBRID-DRYER,Hybrid dryer,Ghetto equipment store,slavs-bay,SHOP-LABEQ-SLAV,UNKNOWN,wiki_catalogue,https://drugdealersim.com/map?game=1708850&area=isla-sombra
Vendor sells,TOOL-HYDRO,Hydroponic elements,Grain shop,callejon,SHOP-FARM-MEX1,UNKNOWN,wiki_catalogue,https://drugdealersim.com/map?game=1708850&area=isla-sombra
Vendor sells,TOOL-HYDRO,Hydroponic elements,Hardware store,bahia-de-oro-favela,SHOP-HARD-CITY-FAV,UNKNOWN,wiki_catalogue,https://drugdealersim.com/map?game=1708850&area=isla-sombra
Vendor sells,TOOL-HYDRO,Hydroponic elements,Hardware store,callejon,SHOP-CLOTH-MEX1,UNKNOWN,wiki_catalogue,https://drugdealersim.com/map?game=1708850&area=isla-sombra
Vendor sells,TOOL-HYDRO,Hydroponic elements,Hardware store,jungle,SHOP-HARD-MEX2,UNKNOWN,wiki_catalogue,https://drugdealersim.com/map?game=1708850&area=isla-sombra
Vendor sells,TOOL-HYDRO,Hydroponic elements,Hardware store,la-colina-sangrienta,SHOP-HARD-JAM,UNKNOWN,wiki_catalogue,https://drugdealersim.com/map?game=1708850&area=isla-sombra
Vendor sells,TOOL-HYDRO,Hydroponic elements,Outdoor weed store,slavs-bay,SHOP-DRUGS-SAT,UNKNOWN,wiki_catalogue,https://drugdealersim.com/map?game=1708850&area=isla-sombra
Vendor sells,TOOL-HYDRO,Hydroponic elements,Poppy shop,callejon,SHOP-FARM2-MEX1,UNKNOWN,wiki_catalogue,https://drugdealersim.com/map?game=1708850&area=isla-sombra
Vendor sells,TOOL-HYDRO,Hydroponic elements,Weed store,archipelago,SHOP-DRUGS-IND,UNKNOWN,wiki_catalogue,https://drugdealersim.com/map?game=1708850&area=isla-sombra
Vendor sells,PLANT-IND-SEED,Indica seed,Outdoor weed store,slavs-bay,SHOP-DRUGS-SAT,UNKNOWN,wiki_catalogue,https://drugdealersim.com/map?game=1708850&area=isla-sombra
Vendor sells,PLANT-IND-SEED,Indica seed,Weed store,archipelago,SHOP-DRUGS-IND,UNKNOWN,wiki_catalogue,https://drugdealersim.com/map?game=1708850&area=isla-sombra
Vendor sells,EQ-SUB-CONTAINER-INDU,Industrial container,Equipment store,dueno-del-mar,SHOP-LABEQ-PORT,UNKNOWN,wiki_catalogue,https://drugdealersim.com/map?game=1708850&area=isla-sombra
Vendor sells,EQ-TABLE-INDUSTRIAL,Industrial table,Furniture store,archipelago,SHOP-FURN-ARCH,UNKNOWN,wiki_catalogue,https://drugdealersim.com/map?game=1708850&area=isla-sombra
Vendor sells,EQ-TABLE-INDUSTRIAL,Industrial table,Furniture store,dueno-del-mar,SHOP-FURN-PORT,UNKNOWN,wiki_catalogue,https://drugdealersim.com/map?game=1708850&area=isla-sombra
Vendor sells,EQ-TABLE-INDUSTRIAL,Industrial table,Furniture store,paraiso-peninsular,SHOP-FURN-PENI,UNKNOWN,wiki_catalogue,https://drugdealersim.com/map?game=1708850&area=isla-sombra
Vendor sells,CHEM-HI,Iodic acid (HI),Construction store,slavs-bay,SHOP-CHEM-SLAV,UNKNOWN,wiki_catalogue,https://drugdealersim.com/map?game=1708850&area=isla-sombra
Vendor sells,CHEM-HI,Iodic acid (HI),Meth store,jungle,SHOP-DRUGS-METH,UNKNOWN,wiki_catalogue,https://drugdealersim.com/map?game=1708850&area=isla-sombra
Vendor sells,TOOL-KEYCHAIN,Keychain,Bogdan the Mechanic,slavs-bay,SHOP-MECH-SLAV,UNKNOWN,wiki_catalogue,https://drugdealersim.com/map?game=1708850&area=isla-sombra
Vendor sells,TOOL-KEYCHAIN,Keychain,Fuel depot,archipelago,SHOP-GAS-ARCH,UNKNOWN,wiki_catalogue,https://drugdealersim.com/map?game=1708850&area=isla-sombra
Vendor sells,TOOL-KEYCHAIN,Keychain,General store,archipelago,SHOP-GENE-ARCH,UNKNOWN,wiki_catalogue,https://drugdealersim.com/map?game=1708850&area=isla-sombra
Vendor sells,TOOL-KEYCHAIN,Keychain,General store,callejon,SHOP-GENE-MEX1,UNKNOWN,wiki_catalogue,https://drugdealersim.com/map?game=1708850&area=isla-sombra
Vendor sells,TOOL-KEYCHAIN,Keychain,General store,dueno-del-mar,SHOP-GENE-PORT,UNKNOWN,wiki_catalogue,https://drugdealersim.com/map?game=1708850&area=isla-sombra
Vendor sells,TOOL-KEYCHAIN,Keychain,General store,jungle,SHOP-GENE-MEX2,UNKNOWN,wiki_catalogue,https://drugdealersim.com/map?game=1708850&area=isla-sombra
Vendor sells,TOOL-KEYCHAIN,Keychain,General store,la-colina-sangrienta,SHOP-GENE-JAM,UNKNOWN,wiki_catalogue,https://drugdealersim.com/map?game=1708850&area=isla-sombra
Vendor sells,TOOL-KEYCHAIN,Keychain,General store,slavs-bay,SHOP-GENE-SLAV,UNKNOWN,wiki_catalogue,https://drugdealersim.com/map?game=1708850&area=isla-sombra
Vendor sells,TOOL-KEYCHAIN,Keychain,Hardware store,bahia-de-oro-favela,SHOP-HARD-CITY-FAV,UNKNOWN,wiki_catalogue,https://drugdealersim.com/map?game=1708850&area=isla-sombra
Vendor sells,TOOL-KEYCHAIN,Keychain,Hardware store,callejon,SHOP-CLOTH-MEX1,UNKNOWN,wiki_catalogue,https://drugdealersim.com/map?game=1708850&area=isla-sombra
Vendor sells,TOOL-KEYCHAIN,Keychain,Hardware store,jungle,SHOP-HARD-MEX2,UNKNOWN,wiki_catalogue,https://drugdealersim.com/map?game=1708850&area=isla-sombra
Vendor sells,TOOL-KEYCHAIN,Keychain,Hardware store,la-colina-sangrienta,SHOP-HARD-JAM,UNKNOWN,wiki_catalogue,https://drugdealersim.com/map?game=1708850&area=isla-sombra
Vendor sells,TOOL-KEYCHAIN,Keychain,Hardware store,volcano-island,SHOP-HARD-VOL,UNKNOWN,wiki_catalogue,https://drugdealersim.com/map?game=1708850&area=isla-sombra
Vendor sells,TOOL-KEYCHAIN,Keychain,Mechanic,archipelago,SHOP-MECH-ARCH,UNKNOWN,wiki_catalogue,https://drugdealersim.com/map?game=1708850&area=isla-sombra
Vendor sells,TOOL-KEYCHAIN,Keychain,Mini-market,archipelago,SHOP-BIG-GENE-ARCH,UNKNOWN,wiki_catalogue,https://drugdealersim.com/map?game=1708850&area=isla-sombra
Vendor sells,TOOL-KEYCHAIN,Keychain,Mini-market,dueno-del-mar,SHOP-BIG-GENE-PORT,UNKNOWN,wiki_catalogue,https://drugdealersim.com/map?game=1708850&area=isla-sombra
Vendor sells,TOOL-KEYCHAIN,Keychain,Mini-market,paraiso-peninsular,SHOP-BIG-GENE-PENI,UNKNOWN,wiki_catalogue,https://drugdealersim.com/map?game=1708850&area=isla-sombra
Vendor sells,UNKNOWN,KeyChain,Shop - Luciano Cruz,archipelago,UNKNOWN,UNKNOWN,wiki_catalogue,https://drugdealersim.com/map?game=1708850&area=isla-sombra
Vendor sells,LABEQ-KITCHEN-MIXER,Kitchen mixer,Equipment and upgrade store,la-colina-sangrienta,SHOP-LABEQ-JAM,UNKNOWN,wiki_catalogue,https://drugdealersim.com/map?game=1708850&area=isla-sombra
Vendor sells,LABEQ-KITCHEN-MIXER,Kitchen mixer,Equipment store,volcano-island,SHOP-LABEQ-VOL,UNKNOWN,wiki_catalogue,https://drugdealersim.com/map?game=1708850&area=isla-sombra
Vendor sells,LABEQ-KITCHEN-MIXER,Kitchen mixer,Furniture store,archipelago,SHOP-FURN-ARCH,UNKNOWN,wiki_catalogue,https://drugdealersim.com/map?game=1708850&area=isla-sombra
Vendor sells,LABEQ-KITCHEN-MIXER,Kitchen mixer,Furniture store,dueno-del-mar,SHOP-FURN-PORT,UNKNOWN,wiki_catalogue,https://drugdealersim.com/map?game=1708850&area=isla-sombra
Vendor sells,LABEQ-KITCHEN-MIXER,Kitchen mixer,Furniture store,paraiso-peninsular,SHOP-FURN-PENI,UNKNOWN,wiki_catalogue,https://drugdealersim.com/map?game=1708850&area=isla-sombra
Vendor sells,LABEQ-KITCHEN-MIXER,Kitchen mixer,Ghetto equipment store,bahia-de-oro-favela,SHOP-LABEQ-CITY-FAV,UNKNOWN,wiki_catalogue,https://drugdealersim.com/map?game=1708850&area=isla-sombra
Vendor sells,LABEQ-KITCHEN-MIXER,Kitchen mixer,Ghetto equipment store,slavs-bay,SHOP-LABEQ-SLAV,UNKNOWN,wiki_catalogue,https://drugdealersim.com/map?game=1708850&area=isla-sombra
Vendor sells,LABEQ-KITCHEN-STOVE,Kitchen stove with oven,Equipment and upgrade store,la-colina-sangrienta,SHOP-LABEQ-JAM,UNKNOWN,wiki_catalogue,https://drugdealersim.com/map?game=1708850&area=isla-sombra
Vendor sells,LABEQ-KITCHEN-STOVE-MOD,Kitchen stove with oven,Equipment and upgrade store,la-colina-sangrienta,SHOP-LABEQ-JAM,UNKNOWN,wiki_catalogue,https://drugdealersim.com/map?game=1708850&area=isla-sombra
Vendor sells,LABEQ-KITCHEN-STOVE,Kitchen stove with oven,Equipment store,archipelago,SHOP-LABEQ-ARCH,UNKNOWN,wiki_catalogue,https://drugdealersim.com/map?game=1708850&area=isla-sombra
Vendor sells,LABEQ-KITCHEN-STOVE,Kitchen stove with oven,Equipment store,volcano-island,SHOP-LABEQ-VOL,UNKNOWN,wiki_catalogue,https://drugdealersim.com/map?game=1708850&area=isla-sombra
Vendor sells,LABEQ-KITCHEN-STOVE-MOD,Kitchen stove with oven,Equipment store,volcano-island,SHOP-LABEQ-VOL,UNKNOWN,wiki_catalogue,https://drugdealersim.com/map?game=1708850&area=isla-sombra
Vendor sells,LABEQ-KITCHEN-STOVE,Kitchen stove with oven,Furniture store,archipelago,SHOP-FURN-ARCH,UNKNOWN,wiki_catalogue,https://drugdealersim.com/map?game=1708850&area=isla-sombra
Vendor sells,LABEQ-KITCHEN-STOVE,Kitchen stove with oven,Furniture store,dueno-del-mar,SHOP-FURN-PORT,UNKNOWN,wiki_catalogue,https://drugdealersim.com/map?game=1708850&area=isla-sombra
Vendor sells,LABEQ-KITCHEN-STOVE-MOD,Kitchen stove with oven,Furniture store,dueno-del-mar,SHOP-FURN-PORT,UNKNOWN,wiki_catalogue,https://drugdealersim.com/map?game=1708850&area=isla-sombra
Vendor sells,LABEQ-KITCHEN-STOVE,Kitchen stove with oven,Furniture store,la-colina-sangrienta,SHOP-FURN-JAM,UNKNOWN,wiki_catalogue,https://drugdealersim.com/map?game=1708850&area=isla-sombra
Vendor sells,LABEQ-KITCHEN-STOVE-MOD,Kitchen stove with oven,Furniture store,la-colina-sangrienta,SHOP-FURN-JAM,UNKNOWN,wiki_catalogue,https://drugdealersim.com/map?game=1708850&area=isla-sombra
Vendor sells,LABEQ-KITCHEN-STOVE,Kitchen stove with oven,Furniture store,paraiso-peninsular,SHOP-FURN-PENI,UNKNOWN,wiki_catalogue,https://drugdealersim.com/map?game=1708850&area=isla-sombra
Vendor sells,LABEQ-KITCHEN-STOVE-MOD,Kitchen stove with oven,Furniture store,paraiso-peninsular,SHOP-FURN-PENI,UNKNOWN,wiki_catalogue,https://drugdealersim.com/map?game=1708850&area=isla-sombra
Vendor sells,LABEQ-KITCHEN-STOVE,Kitchen stove with oven,Furniture store,slavs-bay,SHOP-FURN-SLAV,UNKNOWN,wiki_catalogue,https://drugdealersim.com/map?game=1708850&area=isla-sombra
Vendor sells,LABEQ-KITCHEN-STOVE-MOD,Kitchen stove with oven,Furniture store,slavs-bay,SHOP-FURN-SLAV,UNKNOWN,wiki_catalogue,https://drugdealersim.com/map?game=1708850&area=isla-sombra
Vendor sells,LABEQ-KITCHEN-STOVE,Kitchen stove with oven,Ghetto equipment store,bahia-de-oro-favela,SHOP-LABEQ-CITY-FAV,UNKNOWN,wiki_catalogue,https://drugdealersim.com/map?game=1708850&area=isla-sombra
Vendor sells,LABEQ-KITCHEN-STOVE,Kitchen stove with oven,Ghetto equipment store,slavs-bay,SHOP-LABEQ-SLAV,UNKNOWN,wiki_catalogue,https://drugdealersim.com/map?game=1708850&area=isla-sombra
Vendor sells,LABEQ-KITCHEN-STOVE-MOD,Kitchen stove with oven,Ghetto equipment store,slavs-bay,SHOP-LABEQ-SLAV,UNKNOWN,wiki_catalogue,https://drugdealersim.com/map?game=1708850&area=isla-sombra
Vendor buys,TOOL-WEP-KNIFE,Knife,Tom the Tech,UNKNOWN,buyer:tom-the-tech,800,observed_in_game,"User-supplied in-game SELL screenshot, 2026-10-08"
Vendor sells,TOOL-WEP-KNIFE,Knife,Hardware store,bahia-de-oro-favela,SHOP-HARD-CITY-FAV,UNKNOWN,wiki_catalogue,https://drugdealersim.com/map?game=1708850&area=isla-sombra
Vendor sells,TOOL-WEP-KNIFE,Knife,Hardware store,callejon,SHOP-CLOTH-MEX1,UNKNOWN,wiki_catalogue,https://drugdealersim.com/map?game=1708850&area=isla-sombra
Vendor sells,TOOL-WEP-KNIFE,Knife,Hardware store,jungle,SHOP-HARD-MEX2,UNKNOWN,wiki_catalogue,https://drugdealersim.com/map?game=1708850&area=isla-sombra
Vendor sells,TOOL-WEP-KNIFE,Knife,Hardware store,la-colina-sangrienta,SHOP-HARD-JAM,UNKNOWN,wiki_catalogue,https://drugdealersim.com/map?game=1708850&area=isla-sombra
Vendor sells,TOOL-WEP-KNIFE,Knife,Hardware store,volcano-island,SHOP-HARD-VOL,UNKNOWN,wiki_catalogue,https://drugdealersim.com/map?game=1708850&area=isla-sombra
Vendor sells,TOOL-WEP-KNIFE,Knife,Pub,callejon,SHOP-FUN2-MEX1,UNKNOWN,wiki_catalogue,https://drugdealersim.com/map?game=1708850&area=isla-sombra
Vendor sells,LABEQ-AUTOCLAVE,Laboratory autoclave,Equipment and upgrade store,la-colina-sangrienta,SHOP-LABEQ-JAM,UNKNOWN,wiki_catalogue,https://drugdealersim.com/map?game=1708850&area=isla-sombra
Vendor sells,LABEQ-AUTOCLAVE,Laboratory autoclave,Equipment store,dueno-del-mar,SHOP-LABEQ-PORT,UNKNOWN,wiki_catalogue,https://drugdealersim.com/map?game=1708850&area=isla-sombra
Vendor sells,LABEQ-AUTOCLAVE,Laboratory autoclave,Equipment store,volcano-island,SHOP-LABEQ-VOL,UNKNOWN,wiki_catalogue,https://drugdealersim.com/map?game=1708850&area=isla-sombra
Vendor sells,LABEQ-AUTOCLAVE,Laboratory autoclave,Ghetto equipment store,bahia-de-oro-favela,SHOP-LABEQ-CITY-FAV,UNKNOWN,wiki_catalogue,https://drugdealersim.com/map?game=1708850&area=isla-sombra
Vendor sells,LABEQ-AUTOCLAVE,Laboratory autoclave,Ghetto equipment store,slavs-bay,SHOP-LABEQ-SLAV,UNKNOWN,wiki_catalogue,https://drugdealersim.com/map?game=1708850&area=isla-sombra
Vendor sells,EQ-CABINET-LAB,Laboratory cabinet,Equipment and upgrade store,la-colina-sangrienta,SHOP-LABEQ-JAM,UNKNOWN,wiki_catalogue,https://drugdealersim.com/map?game=1708850&area=isla-sombra
Vendor sells,EQ-CABINET-LAB,Laboratory cabinet,Equipment store,archipelago,SHOP-LABEQ-ARCH,UNKNOWN,wiki_catalogue,https://drugdealersim.com/map?game=1708850&area=isla-sombra
Vendor sells,EQ-CABINET-LAB,Laboratory cabinet,Equipment store,volcano-island,SHOP-LABEQ-VOL,UNKNOWN,wiki_catalogue,https://drugdealersim.com/map?game=1708850&area=isla-sombra
Vendor sells,EQ-CABINET-LAB,Laboratory cabinet,Ghetto equipment store,bahia-de-oro-favela,SHOP-LABEQ-CITY-FAV,UNKNOWN,wiki_catalogue,https://drugdealersim.com/map?game=1708850&area=isla-sombra
Vendor sells,EQ-CABINET-LAB,Laboratory cabinet,Ghetto equipment store,slavs-bay,SHOP-LABEQ-SLAV,UNKNOWN,wiki_catalogue,https://drugdealersim.com/map?game=1708850&area=isla-sombra
Vendor sells,LABEQ-CENTRIFUGE,Laboratory centrifuge,Equipment and upgrade store,la-colina-sangrienta,SHOP-LABEQ-JAM,UNKNOWN,wiki_catalogue,https://drugdealersim.com/map?game=1708850&area=isla-sombra
Vendor sells,LABEQ-CENTRIFUGE,Laboratory centrifuge,Equipment store,dueno-del-mar,SHOP-LABEQ-PORT,UNKNOWN,wiki_catalogue,https://drugdealersim.com/map?game=1708850&area=isla-sombra
Vendor sells,LABEQ-CENTRIFUGE,Laboratory centrifuge,Equipment store,volcano-island,SHOP-LABEQ-VOL,UNKNOWN,wiki_catalogue,https://drugdealersim.com/map?game=1708850&area=isla-sombra
Vendor sells,LABEQ-CENTRIFUGE,Laboratory centrifuge,Ghetto equipment store,bahia-de-oro-favela,SHOP-LABEQ-CITY-FAV,UNKNOWN,wiki_catalogue,https://drugdealersim.com/map?game=1708850&area=isla-sombra
Vendor sells,LABEQ-CENTRIFUGE,Laboratory centrifuge,Ghetto equipment store,slavs-bay,SHOP-LABEQ-SLAV,UNKNOWN,wiki_catalogue,https://drugdealersim.com/map?game=1708850&area=isla-sombra
Vendor sells,LABEQ-ICE-BATH,Laboratory ice bath,Equipment and upgrade store,la-colina-sangrienta,SHOP-LABEQ-JAM,UNKNOWN,wiki_catalogue,https://drugdealersim.com/map?game=1708850&area=isla-sombra
Vendor sells,LABEQ-ICE-BATH,Laboratory ice bath,Equipment store,dueno-del-mar,SHOP-LABEQ-PORT,UNKNOWN,wiki_catalogue,https://drugdealersim.com/map?game=1708850&area=isla-sombra
Vendor sells,LABEQ-ICE-BATH,Laboratory ice bath,Equipment store,volcano-island,SHOP-LABEQ-VOL,UNKNOWN,wiki_catalogue,https://drugdealersim.com/map?game=1708850&area=isla-sombra
Vendor sells,LABEQ-ICE-BATH,Laboratory ice bath,Ghetto equipment store,bahia-de-oro-favela,SHOP-LABEQ-CITY-FAV,UNKNOWN,wiki_catalogue,https://drugdealersim.com/map?game=1708850&area=isla-sombra
Vendor sells,LABEQ-ICE-BATH,Laboratory ice bath,Ghetto equipment store,slavs-bay,SHOP-LABEQ-SLAV,UNKNOWN,wiki_catalogue,https://drugdealersim.com/map?game=1708850&area=isla-sombra
Vendor sells,LABEQ-ORBITAL-SHAKER,Laboratory orbital shaker,Equipment and upgrade store,la-colina-sangrienta,SHOP-LABEQ-JAM,UNKNOWN,wiki_catalogue,https://drugdealersim.com/map?game=1708850&area=isla-sombra
Vendor sells,LABEQ-ORBITAL-SHAKER,Laboratory orbital shaker,Equipment store,dueno-del-mar,SHOP-LABEQ-PORT,UNKNOWN,wiki_catalogue,https://drugdealersim.com/map?game=1708850&area=isla-sombra
Vendor sells,LABEQ-ORBITAL-SHAKER,Laboratory orbital shaker,Equipment store,volcano-island,SHOP-LABEQ-VOL,UNKNOWN,wiki_catalogue,https://drugdealersim.com/map?game=1708850&area=isla-sombra
Vendor sells,LABEQ-ORBITAL-SHAKER,Laboratory orbital shaker,Ghetto equipment store,bahia-de-oro-favela,SHOP-LABEQ-CITY-FAV,UNKNOWN,wiki_catalogue,https://drugdealersim.com/map?game=1708850&area=isla-sombra
Vendor sells,LABEQ-ORBITAL-SHAKER,Laboratory orbital shaker,Ghetto equipment store,slavs-bay,SHOP-LABEQ-SLAV,UNKNOWN,wiki_catalogue,https://drugdealersim.com/map?game=1708850&area=isla-sombra
Vendor sells,LABEQ-LAB-OVEN,Laboratory oven,Equipment and upgrade store,la-colina-sangrienta,SHOP-LABEQ-JAM,UNKNOWN,wiki_catalogue,https://drugdealersim.com/map?game=1708850&area=isla-sombra
Vendor sells,LABEQ-LAB-OVEN,Laboratory oven,Equipment store,dueno-del-mar,SHOP-LABEQ-PORT,UNKNOWN,wiki_catalogue,https://drugdealersim.com/map?game=1708850&area=isla-sombra
Vendor sells,LABEQ-LAB-OVEN,Laboratory oven,Equipment store,volcano-island,SHOP-LABEQ-VOL,UNKNOWN,wiki_catalogue,https://drugdealersim.com/map?game=1708850&area=isla-sombra
Vendor sells,LABEQ-LAB-OVEN,Laboratory oven,Ghetto equipment store,bahia-de-oro-favela,SHOP-LABEQ-CITY-FAV,UNKNOWN,wiki_catalogue,https://drugdealersim.com/map?game=1708850&area=isla-sombra
Vendor sells,LABEQ-LAB-OVEN,Laboratory oven,Ghetto equipment store,slavs-bay,SHOP-LABEQ-SLAV,UNKNOWN,wiki_catalogue,https://drugdealersim.com/map?game=1708850&area=isla-sombra
Vendor sells,LABEQ-LAB-VAT,Laboratory soaking vat,Equipment store,dueno-del-mar,SHOP-LABEQ-PORT,UNKNOWN,wiki_catalogue,https://drugdealersim.com/map?game=1708850&area=isla-sombra
Vendor sells,LABEQ-LAB-TRAY,Laboratory tray,Equipment and upgrade store,la-colina-sangrienta,SHOP-LABEQ-JAM,UNKNOWN,wiki_catalogue,https://drugdealersim.com/map?game=1708850&area=isla-sombra
Vendor sells,LABEQ-LAB-TRAY,Laboratory tray,Equipment store,archipelago,SHOP-LABEQ-ARCH,UNKNOWN,wiki_catalogue,https://drugdealersim.com/map?game=1708850&area=isla-sombra
Vendor sells,LABEQ-LAB-TRAY,Laboratory tray,Equipment store,dueno-del-mar,SHOP-LABEQ-PORT,UNKNOWN,wiki_catalogue,https://drugdealersim.com/map?game=1708850&area=isla-sombra
Vendor sells,LABEQ-LAB-TRAY,Laboratory tray,Equipment store,volcano-island,SHOP-LABEQ-VOL,UNKNOWN,wiki_catalogue,https://drugdealersim.com/map?game=1708850&area=isla-sombra
Vendor sells,LABEQ-LAB-TRAY,Laboratory tray,Ghetto equipment store,bahia-de-oro-favela,SHOP-LABEQ-CITY-FAV,UNKNOWN,wiki_catalogue,https://drugdealersim.com/map?game=1708850&area=isla-sombra
Vendor sells,LABEQ-LAB-TRAY,Laboratory tray,Ghetto equipment store,slavs-bay,SHOP-LABEQ-SLAV,UNKNOWN,wiki_catalogue,https://drugdealersim.com/map?game=1708850&area=isla-sombra
Vendor sells,LABEQ-LAB-TRAY-DRYER,Laboratory tray dryer,Equipment store,dueno-del-mar,SHOP-LABEQ-PORT,UNKNOWN,wiki_catalogue,https://drugdealersim.com/map?game=1708850&area=isla-sombra
Vendor sells,LABEQ-LAB-TRAY-DRYER,Laboratory tray dryer,Equipment store,volcano-island,SHOP-LABEQ-VOL,UNKNOWN,wiki_catalogue,https://drugdealersim.com/map?game=1708850&area=isla-sombra
Vendor sells,LABEQ-WATER-BATH,Laboratory water bath,Equipment and upgrade store,la-colina-sangrienta,SHOP-LABEQ-JAM,UNKNOWN,wiki_catalogue,https://drugdealersim.com/map?game=1708850&area=isla-sombra
Vendor sells,LABEQ-WATER-BATH,Laboratory water bath,Equipment store,dueno-del-mar,SHOP-LABEQ-PORT,UNKNOWN,wiki_catalogue,https://drugdealersim.com/map?game=1708850&area=isla-sombra
Vendor sells,LABEQ-WATER-BATH,Laboratory water bath,Equipment store,volcano-island,SHOP-LABEQ-VOL,UNKNOWN,wiki_catalogue,https://drugdealersim.com/map?game=1708850&area=isla-sombra
Vendor sells,LABEQ-WATER-BATH,Laboratory water bath,Ghetto equipment store,bahia-de-oro-favela,SHOP-LABEQ-CITY-FAV,UNKNOWN,wiki_catalogue,https://drugdealersim.com/map?game=1708850&area=isla-sombra
Vendor sells,LABEQ-WATER-BATH,Laboratory water bath,Ghetto equipment store,slavs-bay,SHOP-LABEQ-SLAV,UNKNOWN,wiki_catalogue,https://drugdealersim.com/map?game=1708850&area=isla-sombra
Vendor sells,CLOTH-BACKPACK-L,Large backpack,Hardware store,bahia-de-oro-favela,SHOP-HARD-CITY-FAV,UNKNOWN,wiki_catalogue,https://drugdealersim.com/map?game=1708850&area=isla-sombra
Vendor sells,CLOTH-BACKPACK-L,Large backpack,Hardware store,la-colina-sangrienta,SHOP-HARD-JAM,UNKNOWN,wiki_catalogue,https://drugdealersim.com/map?game=1708850&area=isla-sombra
Vendor sells,CLOTH-BACKPACK-L,Large backpack,Military equipment shop,dueno-del-mar,SHOP-HARD-PORT,UNKNOWN,wiki_catalogue,https://drugdealersim.com/map?game=1708850&area=isla-sombra
Vendor sells,EQ-SUB-CONTAINER-BARREL-LARGE,Large barrel,Engineer,volcano-island,SHOP-SUBEQ-VOL,UNKNOWN,wiki_catalogue,https://drugdealersim.com/map?game=1708850&area=isla-sombra
Vendor sells,EQ-SUB-CONTAINER-BARREL-LARGE,Large barrel,Engineer,volcano-island,SHOP-SUBEQ-VOL,UNKNOWN,wiki_catalogue,https://drugdealersim.com/map?game=1708850&area=isla-sombra
Vendor sells,EQ-SUB-CONTAINER-BARREL-LARGE,Large barrel,Equipment and upgrade store,la-colina-sangrienta,SHOP-LABEQ-JAM,UNKNOWN,wiki_catalogue,https://drugdealersim.com/map?game=1708850&area=isla-sombra
Vendor sells,EQ-SUB-CONTAINER-BARREL-LARGE,Large barrel,Equipment store,dueno-del-mar,SHOP-LABEQ-PORT,UNKNOWN,wiki_catalogue,https://drugdealersim.com/map?game=1708850&area=isla-sombra
Vendor sells,EQ-SUB-CONTAINER-BARREL-LARGE,Large barrel,Equipment store,volcano-island,SHOP-LABEQ-VOL,UNKNOWN,wiki_catalogue,https://drugdealersim.com/map?game=1708850&area=isla-sombra
Vendor sells,EQ-SUB-CONTAINER-BARREL-LARGE,Large barrel,Ghetto equipment store,bahia-de-oro-favela,SHOP-LABEQ-CITY-FAV,UNKNOWN,wiki_catalogue,https://drugdealersim.com/map?game=1708850&area=isla-sombra
Vendor sells,EQ-SUB-CONTAINER-LARGE,Large container,Engineer,volcano-island,SHOP-SUBEQ-VOL,UNKNOWN,wiki_catalogue,https://drugdealersim.com/map?game=1708850&area=isla-sombra
Vendor sells,EQ-SUB-CONTAINER-LARGE,Large container,Engineer,volcano-island,SHOP-SUBEQ-VOL,UNKNOWN,wiki_catalogue,https://drugdealersim.com/map?game=1708850&area=isla-sombra
Vendor sells,EQ-SUB-CONTAINER-LARGE,Large container,Equipment and upgrade store,la-colina-sangrienta,SHOP-LABEQ-JAM,UNKNOWN,wiki_catalogue,https://drugdealersim.com/map?game=1708850&area=isla-sombra
Vendor sells,EQ-SUB-CONTAINER-LARGE,Large container,Equipment store,archipelago,SHOP-LABEQ-ARCH,UNKNOWN,wiki_catalogue,https://drugdealersim.com/map?game=1708850&area=isla-sombra
Vendor sells,EQ-SUB-CONTAINER-LARGE,Large container,Ghetto equipment store,bahia-de-oro-favela,SHOP-LABEQ-CITY-FAV,UNKNOWN,wiki_catalogue,https://drugdealersim.com/map?game=1708850&area=isla-sombra
Vendor sells,EQ-SUB-CONTAINER-LARGE,Large container,Ghetto equipment store,slavs-bay,SHOP-LABEQ-SLAV,UNKNOWN,wiki_catalogue,https://drugdealersim.com/map?game=1708850&area=isla-sombra
Vendor sells,DOOR-UPGRADE-LOCK-BIG,Large door lock,Equipment and upgrade store,la-colina-sangrienta,SHOP-LABEQ-JAM,UNKNOWN,wiki_catalogue,https://drugdealersim.com/map?game=1708850&area=isla-sombra
Vendor sells,DOOR-UPGRADE-LOCK-BIG,Large door lock,Equipment store,volcano-island,SHOP-LABEQ-VOL,UNKNOWN,wiki_catalogue,https://drugdealersim.com/map?game=1708850&area=isla-sombra
Vendor sells,DOOR-UPGRADE-LOCK-BIG,Large door lock,Furniture store,archipelago,SHOP-FURN-ARCH,UNKNOWN,wiki_catalogue,https://drugdealersim.com/map?game=1708850&area=isla-sombra
Vendor sells,DOOR-UPGRADE-LOCK-BIG,Large door lock,Furniture store,dueno-del-mar,SHOP-FURN-PORT,UNKNOWN,wiki_catalogue,https://drugdealersim.com/map?game=1708850&area=isla-sombra
Vendor sells,DOOR-UPGRADE-LOCK-BIG,Large door lock,Furniture store,la-colina-sangrienta,SHOP-FURN-JAM,UNKNOWN,wiki_catalogue,https://drugdealersim.com/map?game=1708850&area=isla-sombra
Vendor sells,DOOR-UPGRADE-LOCK-BIG,Large door lock,Furniture store,paraiso-peninsular,SHOP-FURN-PENI,UNKNOWN,wiki_catalogue,https://drugdealersim.com/map?game=1708850&area=isla-sombra
Vendor sells,DOOR-UPGRADE-LOCK-BIG,Large door lock,Furniture store,slavs-bay,SHOP-FURN-SLAV,UNKNOWN,wiki_catalogue,https://drugdealersim.com/map?game=1708850&area=isla-sombra
Vendor sells,LABEQ-DRYING-TABLE,Large drying table,Equipment and upgrade store,la-colina-sangrienta,SHOP-LABEQ-JAM,UNKNOWN,wiki_catalogue,https://drugdealersim.com/map?game=1708850&area=isla-sombra
Vendor sells,LABEQ-DRYING-TABLE,Large drying table,Equipment store,volcano-island,SHOP-LABEQ-VOL,UNKNOWN,wiki_catalogue,https://drugdealersim.com/map?game=1708850&area=isla-sombra
Vendor buys,ITEM-BOTTLE-L,Large empty bottle,Alejandro Flores,UNKNOWN,buyer:alejandro-flores,UNKNOWN,user_report,"User-reported empty bottle acceptance, 2026-10-08"
Vendor sells,EQ-CABINET-LAB-L,Large laboratory cabinet,Equipment and upgrade store,la-colina-sangrienta,SHOP-LABEQ-JAM,UNKNOWN,wiki_catalogue,https://drugdealersim.com/map?game=1708850&area=isla-sombra
Vendor sells,EQ-CABINET-LAB-L,Large laboratory cabinet,Equipment store,volcano-island,SHOP-LABEQ-VOL,UNKNOWN,wiki_catalogue,https://drugdealersim.com/map?game=1708850&area=isla-sombra
Vendor sells,EQ-CABINET-LAB-L,Large laboratory cabinet,Ghetto equipment store,bahia-de-oro-favela,SHOP-LABEQ-CITY-FAV,UNKNOWN,wiki_catalogue,https://drugdealersim.com/map?game=1708850&area=isla-sombra
Vendor sells,EQ-CABINET-LAB-L,Large laboratory cabinet,Ghetto equipment store,slavs-bay,SHOP-LABEQ-SLAV,UNKNOWN,wiki_catalogue,https://drugdealersim.com/map?game=1708850&area=isla-sombra
Vendor sells,EQ-PAINTING-VINT-01,Large painting,Furniture store,dueno-del-mar,SHOP-FURN-PORT,UNKNOWN,wiki_catalogue,https://drugdealersim.com/map?game=1708850&area=isla-sombra
Vendor sells,EQ-PAINTING-VINT-06,Large painting,Furniture store,dueno-del-mar,SHOP-FURN-PORT,UNKNOWN,wiki_catalogue,https://drugdealersim.com/map?game=1708850&area=isla-sombra
Vendor sells,EQ-SAFE-LARGE,Large safe,Equipment and upgrade store,la-colina-sangrienta,SHOP-LABEQ-JAM,UNKNOWN,wiki_catalogue,https://drugdealersim.com/map?game=1708850&area=isla-sombra
Vendor sells,EQ-SAFE-LARGE,Large safe,Furniture store,dueno-del-mar,SHOP-FURN-PORT,UNKNOWN,wiki_catalogue,https://drugdealersim.com/map?game=1708850&area=isla-sombra
Vendor sells,EQ-SAFE-LARGE,Large safe,Furniture store,la-colina-sangrienta,SHOP-FURN-JAM,UNKNOWN,wiki_catalogue,https://drugdealersim.com/map?game=1708850&area=isla-sombra
Vendor sells,EQ-SAFE-LARGE,Large safe,Furniture store,paraiso-peninsular,SHOP-FURN-PENI,UNKNOWN,wiki_catalogue,https://drugdealersim.com/map?game=1708850&area=isla-sombra
Vendor sells,EQ-SAFE-LARGE,Large safe,Furniture store,slavs-bay,SHOP-FURN-SLAV,UNKNOWN,wiki_catalogue,https://drugdealersim.com/map?game=1708850&area=isla-sombra
Vendor sells,EQ-BOOKSHELF-L-BAS,Large wooden bookshlef,Furniture store,archipelago,SHOP-FURN-ARCH,UNKNOWN,wiki_catalogue,https://drugdealersim.com/map?game=1708850&area=isla-sombra
Vendor sells,EQ-BOOKSHELF-L-MOD,Large wooden bookshlef,Furniture store,archipelago,SHOP-FURN-ARCH,UNKNOWN,wiki_catalogue,https://drugdealersim.com/map?game=1708850&area=isla-sombra
Vendor sells,EQ-BOOKSHELF-L-BAS,Large wooden bookshlef,Furniture store,dueno-del-mar,SHOP-FURN-PORT,UNKNOWN,wiki_catalogue,https://drugdealersim.com/map?game=1708850&area=isla-sombra
Vendor sells,EQ-BOOKSHELF-L-MOD,Large wooden bookshlef,Furniture store,dueno-del-mar,SHOP-FURN-PORT,UNKNOWN,wiki_catalogue,https://drugdealersim.com/map?game=1708850&area=isla-sombra
Vendor sells,EQ-BOOKSHELF-L-BAS,Large wooden bookshlef,Furniture store,paraiso-peninsular,SHOP-FURN-PENI,UNKNOWN,wiki_catalogue,https://drugdealersim.com/map?game=1708850&area=isla-sombra
Vendor sells,EQ-BOOKSHELF-L-MOD,Large wooden bookshlef,Furniture store,paraiso-peninsular,SHOP-FURN-PENI,UNKNOWN,wiki_catalogue,https://drugdealersim.com/map?game=1708850&area=isla-sombra
Vendor sells,EQ-CABINET-BAS-L,Large wooden cabinet,Furniture store,dueno-del-mar,SHOP-FURN-PORT,UNKNOWN,wiki_catalogue,https://drugdealersim.com/map?game=1708850&area=isla-sombra
Vendor sells,EQ-CABINET-BAS-L,Large wooden cabinet,Furniture store,paraiso-peninsular,SHOP-FURN-PENI,UNKNOWN,wiki_catalogue,https://drugdealersim.com/map?game=1708850&area=isla-sombra
Vendor sells,TOOL-BULB-LED-L,Led bulb (large),Hardware store,bahia-de-oro-favela,SHOP-HARD-CITY-FAV,UNKNOWN,wiki_catalogue,https://drugdealersim.com/map?game=1708850&area=isla-sombra
Vendor sells,TOOL-BULB-LED-L,Led bulb (large),Hardware store,jungle,SHOP-HARD-MEX2,UNKNOWN,wiki_catalogue,https://drugdealersim.com/map?game=1708850&area=isla-sombra
Vendor sells,TOOL-BULB-LED-L,Led bulb (large),Hardware store,la-colina-sangrienta,SHOP-HARD-JAM,UNKNOWN,wiki_catalogue,https://drugdealersim.com/map?game=1708850&area=isla-sombra
Vendor sells,TOOL-BULB-LED-L,Led bulb (large),Outdoor weed store,slavs-bay,SHOP-DRUGS-SAT,UNKNOWN,wiki_catalogue,https://drugdealersim.com/map?game=1708850&area=isla-sombra
Vendor sells,TOOL-BULB-LED-S,Led bulb (small),Hardware store,bahia-de-oro-favela,SHOP-HARD-CITY-FAV,UNKNOWN,wiki_catalogue,https://drugdealersim.com/map?game=1708850&area=isla-sombra
Vendor sells,TOOL-BULB-LED-S,Led bulb (small),Hardware store,jungle,SHOP-HARD-MEX2,UNKNOWN,wiki_catalogue,https://drugdealersim.com/map?game=1708850&area=isla-sombra
Vendor sells,TOOL-BULB-LED-S,Led bulb (small),Hardware store,la-colina-sangrienta,SHOP-HARD-JAM,UNKNOWN,wiki_catalogue,https://drugdealersim.com/map?game=1708850&area=isla-sombra
Vendor sells,TOOL-BULB-LED-S,Led bulb (small),Outdoor weed store,slavs-bay,SHOP-DRUGS-SAT,UNKNOWN,wiki_catalogue,https://drugdealersim.com/map?game=1708850&area=isla-sombra
Vendor sells,TOOL-BULB-LED-S,Led bulb (small),Weed store,archipelago,SHOP-DRUGS-IND,UNKNOWN,wiki_catalogue,https://drugdealersim.com/map?game=1708850&area=isla-sombra
Vendor sells,DRINK-LIMONADA,Limonada de Coco,Bar,archipelago,SHOP-FUN-ARCH,UNKNOWN,wiki_catalogue,https://drugdealersim.com/map?game=1708850&area=isla-sombra
Vendor sells,DRINK-LIMONADA,Limonada de Coco,Bar,bahia-de-oro-favela,SHOP-FUN-CITY-FAV,UNKNOWN,wiki_catalogue,https://drugdealersim.com/map?game=1708850&area=isla-sombra
Vendor sells,DRINK-LIMONADA,Limonada de Coco,Bar,dueno-del-mar,SHOP-FUN-PORT,UNKNOWN,wiki_catalogue,https://drugdealersim.com/map?game=1708850&area=isla-sombra
Vendor sells,DRINK-LIMONADA,Limonada de Coco,Bar,jungle,SHOP-FUN-MEX2,UNKNOWN,wiki_catalogue,https://drugdealersim.com/map?game=1708850&area=isla-sombra
Vendor sells,DRINK-LIMONADA,Limonada de Coco,Barbeque spot,la-colina-sangrienta,SHOP-FUN-JAM,UNKNOWN,wiki_catalogue,https://drugdealersim.com/map?game=1708850&area=isla-sombra
Vendor sells,DRINK-LIMONADA,Limonada de Coco,Beer stand,paraiso-peninsular,SHOP-FUN2-PENI,UNKNOWN,wiki_catalogue,https://drugdealersim.com/map?game=1708850&area=isla-sombra
Vendor sells,DRINK-LIMONADA,Limonada de Coco,Club,dueno-del-mar,SHOP-FUN2-PORT,UNKNOWN,wiki_catalogue,https://drugdealersim.com/map?game=1708850&area=isla-sombra
Vendor sells,DRINK-LIMONADA,Limonada de Coco,Club,paraiso-peninsular,SHOP-FUN3-PENI,UNKNOWN,wiki_catalogue,https://drugdealersim.com/map?game=1708850&area=isla-sombra
Vendor sells,DRINK-LIMONADA,Limonada de Coco,Club,volcano-island,SHOP-FUN-VOL,UNKNOWN,wiki_catalogue,https://drugdealersim.com/map?game=1708850&area=isla-sombra
Vendor sells,DRINK-LIMONADA,Limonada de Coco,Pub,callejon,SHOP-FUN-MEX1,UNKNOWN,wiki_catalogue,https://drugdealersim.com/map?game=1708850&area=isla-sombra
Vendor sells,DRINK-LIMONADA,Limonada de Coco,Pub,slavs-bay,SHOP-FUN-SLAV,UNKNOWN,wiki_catalogue,https://drugdealersim.com/map?game=1708850&area=isla-sombra
Vendor sells,DRINK-LIMONADA,Limonada de Coco,Restaurant,bahia-de-oro-villa,SHOP-FUN-CITY-BUS,UNKNOWN,wiki_catalogue,https://drugdealersim.com/map?game=1708850&area=isla-sombra
Vendor sells,DRINK-LIMONADA,Limonada de Coco,Restaurant,paraiso-peninsular,SHOP-FUN-PENI,UNKNOWN,wiki_catalogue,https://drugdealersim.com/map?game=1708850&area=isla-sombra
Vendor sells,DRINK-LIMONADA,Limonada de Coco,Techno Club,bahia-de-oro-favela,SHOP-FUN2-CITY-FAV,UNKNOWN,wiki_catalogue,https://drugdealersim.com/map?game=1708850&area=isla-sombra
Vendor sells,DRUG-LSD-TAB,LSD tab,LSD Bum,paraiso-peninsular,SHOP-DRUGS-LSD,UNKNOWN,wiki_catalogue,https://drugdealersim.com/map?game=1708850&area=isla-sombra
Vendor sells,KEY-VEH-LUX-BOAT,Luxury motorboat,Boat Seller,dueno-del-mar,SHOP-BOAT-PORT,UNKNOWN,wiki_catalogue,https://drugdealersim.com/map?game=1708850&area=isla-sombra
Vendor sells,TOOL-MACHETE,Machete,Hardware store,bahia-de-oro-favela,SHOP-HARD-CITY-FAV,UNKNOWN,wiki_catalogue,https://drugdealersim.com/map?game=1708850&area=isla-sombra
Vendor sells,TOOL-MACHETE,Machete,Hardware store,jungle,SHOP-HARD-MEX2,UNKNOWN,wiki_catalogue,https://drugdealersim.com/map?game=1708850&area=isla-sombra
Vendor sells,TOOL-MACHETE,Machete,Hardware store,la-colina-sangrienta,SHOP-HARD-JAM,UNKNOWN,wiki_catalogue,https://drugdealersim.com/map?game=1708850&area=isla-sombra
Vendor sells,TOOL-MACHETE,Machete,Hardware store,volcano-island,SHOP-HARD-VOL,UNKNOWN,wiki_catalogue,https://drugdealersim.com/map?game=1708850&area=isla-sombra
Vendor sells,TOOL-MACHETE,Machete,Military equipment shop,dueno-del-mar,SHOP-HARD-PORT,UNKNOWN,wiki_catalogue,https://drugdealersim.com/map?game=1708850&area=isla-sombra
Vendor sells,CHEM-MGOH2,Magnesium hydroxide (Mg(OH)2),Blue meth store,volcano-island,SHOP-DRUGS-BLUE-METH,UNKNOWN,wiki_catalogue,https://drugdealersim.com/map?game=1708850&area=isla-sombra
Vendor sells,CHEM-MGOH2,Magnesium hydroxide (Mg(OH)2),Construction store,slavs-bay,SHOP-CHEM-SLAV,UNKNOWN,wiki_catalogue,https://drugdealersim.com/map?game=1708850&area=isla-sombra
Vendor sells,CHEM-MGOH2,Magnesium hydroxide (Mg(OH)2),LSD Bum,paraiso-peninsular,SHOP-DRUGS-LSD,UNKNOWN,wiki_catalogue,https://drugdealersim.com/map?game=1708850&area=isla-sombra
Vendor sells,CHEM-MGOH2,Magnesium hydroxide (Mg(OH)2),Pharmacy,paraiso-peninsular,SHOP-PHARM-PENI,UNKNOWN,wiki_catalogue,https://drugdealersim.com/map?game=1708850&area=isla-sombra
Vendor sells,LABEQ-LAB-MIXER,Magnetic stirrer,Equipment store,dueno-del-mar,SHOP-LABEQ-PORT,UNKNOWN,wiki_catalogue,https://drugdealersim.com/map?game=1708850&area=isla-sombra
Vendor sells,LABEQ-LAB-MIXER,Magnetic stirrer,Equipment store,volcano-island,SHOP-LABEQ-VOL,UNKNOWN,wiki_catalogue,https://drugdealersim.com/map?game=1708850&area=isla-sombra
Vendor sells,ITEM-MAP,Map,American Colonel,dueno-del-mar,SHOP-AMER-COL,UNKNOWN,wiki_catalogue,https://drugdealersim.com/map?game=1708850&area=isla-sombra
Vendor sells,ITEM-MAP,Map,Boat Seller,dueno-del-mar,SHOP-BOAT-PORT,UNKNOWN,wiki_catalogue,https://drugdealersim.com/map?game=1708850&area=isla-sombra
Vendor sells,ITEM-MAP,Map,Fuel depot,archipelago,SHOP-GAS-MEX1,UNKNOWN,wiki_catalogue,https://drugdealersim.com/map?game=1708850&area=isla-sombra
Vendor sells,ITEM-MAP,Map,Fuel depot,archipelago,SHOP-GAS-ARCH,UNKNOWN,wiki_catalogue,https://drugdealersim.com/map?game=1708850&area=isla-sombra
Vendor sells,ITEM-MAP,Map,Fuel depot,dueno-del-mar,SHOP-GAS-PORT,UNKNOWN,wiki_catalogue,https://drugdealersim.com/map?game=1708850&area=isla-sombra
Vendor sells,ITEM-MAP,Map,Fuel depot,slavs-bay,SHOP-GAS-SLAV,UNKNOWN,wiki_catalogue,https://drugdealersim.com/map?game=1708850&area=isla-sombra
Vendor sells,ITEM-MAP,Map,General store,callejon,SHOP-GENE-MEX1,UNKNOWN,wiki_catalogue,https://drugdealersim.com/map?game=1708850&area=isla-sombra
Vendor sells,ITEM-MAP,Map,General store,dueno-del-mar,SHOP-GENE-PORT,UNKNOWN,wiki_catalogue,https://drugdealersim.com/map?game=1708850&area=isla-sombra
Vendor sells,ITEM-MAP,Map,General store,jungle,SHOP-GENE-MEX2,UNKNOWN,wiki_catalogue,https://drugdealersim.com/map?game=1708850&area=isla-sombra
Vendor sells,ITEM-MAP,Map,General store,la-colina-sangrienta,SHOP-GENE-JAM,UNKNOWN,wiki_catalogue,https://drugdealersim.com/map?game=1708850&area=isla-sombra
Vendor sells,ITEM-MAP,Map,General store,slavs-bay,SHOP-GENE-SLAV,UNKNOWN,wiki_catalogue,https://drugdealersim.com/map?game=1708850&area=isla-sombra
Vendor sells,ITEM-MAP,Map,Hardware store,callejon,SHOP-CLOTH-MEX1,UNKNOWN,wiki_catalogue,https://drugdealersim.com/map?game=1708850&area=isla-sombra
Vendor sells,ITEM-MAP,Map,Mini-market,archipelago,SHOP-BIG-GENE-ARCH,UNKNOWN,wiki_catalogue,https://drugdealersim.com/map?game=1708850&area=isla-sombra
Vendor sells,ITEM-MAP,Map,Mini-market,dueno-del-mar,SHOP-BIG-GENE-PORT,UNKNOWN,wiki_catalogue,https://drugdealersim.com/map?game=1708850&area=isla-sombra
Vendor sells,ITEM-MAP,Map,Mini-market,paraiso-peninsular,SHOP-BIG-GENE-PENI,UNKNOWN,wiki_catalogue,https://drugdealersim.com/map?game=1708850&area=isla-sombra
Vendor sells,ITEM-STASH-MED,Medicare package,Pharmacy,dueno-del-mar,SHOP-PHARM-PORT,UNKNOWN,wiki_catalogue,https://drugdealersim.com/map?game=1708850&area=isla-sombra
Vendor sells,ITEM-STASH-MED,Medicare package,Pharmacy,paraiso-peninsular,SHOP-PHARM-PENI,UNKNOWN,wiki_catalogue,https://drugdealersim.com/map?game=1708850&area=isla-sombra
Vendor sells,CLOTH-BACKPACK-M,Medium backpack,Hardware store,bahia-de-oro-favela,SHOP-HARD-CITY-FAV,UNKNOWN,wiki_catalogue,https://drugdealersim.com/map?game=1708850&area=isla-sombra
Vendor sells,CLOTH-BACKPACK-M,Medium backpack,Hardware store,callejon,SHOP-CLOTH-MEX1,UNKNOWN,wiki_catalogue,https://drugdealersim.com/map?game=1708850&area=isla-sombra
Vendor sells,CLOTH-BACKPACK-M,Medium backpack,Hardware store,jungle,SHOP-HARD-MEX2,UNKNOWN,wiki_catalogue,https://drugdealersim.com/map?game=1708850&area=isla-sombra
Vendor sells,CLOTH-BACKPACK-M,Medium backpack,Hardware store,la-colina-sangrienta,SHOP-HARD-JAM,UNKNOWN,wiki_catalogue,https://drugdealersim.com/map?game=1708850&area=isla-sombra
Vendor sells,CLOTH-BACKPACK-M,Medium backpack,Hardware store,volcano-island,SHOP-HARD-VOL,UNKNOWN,wiki_catalogue,https://drugdealersim.com/map?game=1708850&area=isla-sombra
Vendor sells,CLOTH-BACKPACK-M,Medium backpack,Second hand store,archipelago,SHOP-CLOTH-ARCH,UNKNOWN,wiki_catalogue,https://drugdealersim.com/map?game=1708850&area=isla-sombra
Vendor sells,CLOTH-BACKPACK-M,Medium backpack,Second hand store,slavs-bay,SHOP-CLOTH-SLAV,UNKNOWN,wiki_catalogue,https://drugdealersim.com/map?game=1708850&area=isla-sombra
Vendor sells,EQ-SUB-CONTAINER-BARREL-MEDIUM,Medium barrel,Engineer,volcano-island,SHOP-SUBEQ-VOL,UNKNOWN,wiki_catalogue,https://drugdealersim.com/map?game=1708850&area=isla-sombra
Vendor sells,EQ-SUB-CONTAINER-BARREL-MEDIUM,Medium barrel,Engineer,volcano-island,SHOP-SUBEQ-VOL,UNKNOWN,wiki_catalogue,https://drugdealersim.com/map?game=1708850&area=isla-sombra
Vendor sells,EQ-SUB-CONTAINER-BARREL-MEDIUM,Medium barrel,Equipment and upgrade store,la-colina-sangrienta,SHOP-LABEQ-JAM,UNKNOWN,wiki_catalogue,https://drugdealersim.com/map?game=1708850&area=isla-sombra
Vendor sells,EQ-SUB-CONTAINER-BARREL-MEDIUM,Medium barrel,Equipment store,dueno-del-mar,SHOP-LABEQ-PORT,UNKNOWN,wiki_catalogue,https://drugdealersim.com/map?game=1708850&area=isla-sombra
Vendor sells,EQ-SUB-CONTAINER-BARREL-MEDIUM,Medium barrel,Equipment store,volcano-island,SHOP-LABEQ-VOL,UNKNOWN,wiki_catalogue,https://drugdealersim.com/map?game=1708850&area=isla-sombra
Vendor sells,EQ-SUB-CONTAINER-BARREL-MEDIUM,Medium barrel,Ghetto equipment store,bahia-de-oro-favela,SHOP-LABEQ-CITY-FAV,UNKNOWN,wiki_catalogue,https://drugdealersim.com/map?game=1708850&area=isla-sombra
Vendor sells,EQ-SUB-CONTAINER-BARREL-MEDIUM,Medium barrel,Ghetto equipment store,slavs-bay,SHOP-LABEQ-SLAV,UNKNOWN,wiki_catalogue,https://drugdealersim.com/map?game=1708850&area=isla-sombra
Vendor sells,EQ-SUB-CONTAINER-MEDIUM,Medium container,Engineer,volcano-island,SHOP-SUBEQ-VOL,UNKNOWN,wiki_catalogue,https://drugdealersim.com/map?game=1708850&area=isla-sombra
Vendor sells,EQ-SUB-CONTAINER-MEDIUM,Medium container,Engineer,volcano-island,SHOP-SUBEQ-VOL,UNKNOWN,wiki_catalogue,https://drugdealersim.com/map?game=1708850&area=isla-sombra
Vendor sells,EQ-SUB-CONTAINER-MEDIUM,Medium container,Equipment and upgrade store,la-colina-sangrienta,SHOP-LABEQ-JAM,UNKNOWN,wiki_catalogue,https://drugdealersim.com/map?game=1708850&area=isla-sombra
Vendor sells,EQ-SUB-CONTAINER-MEDIUM,Medium container,Equipment store,archipelago,SHOP-LABEQ-ARCH,UNKNOWN,wiki_catalogue,https://drugdealersim.com/map?game=1708850&area=isla-sombra
Vendor sells,EQ-SUB-CONTAINER-MEDIUM,Medium container,Ghetto equipment store,bahia-de-oro-favela,SHOP-LABEQ-CITY-FAV,UNKNOWN,wiki_catalogue,https://drugdealersim.com/map?game=1708850&area=isla-sombra
Vendor sells,EQ-SUB-CONTAINER-MEDIUM,Medium container,Ghetto equipment store,slavs-bay,SHOP-LABEQ-SLAV,UNKNOWN,wiki_catalogue,https://drugdealersim.com/map?game=1708850&area=isla-sombra
Vendor buys,ITEM-BOTTLE-M,Medium empty bottle,Alejandro Flores,UNKNOWN,buyer:alejandro-flores,UNKNOWN,user_report,"User-reported empty bottle acceptance, 2026-10-08"
Vendor sells,EQ-METAL-CABINET,Metal cabinet,Furniture store,archipelago,SHOP-FURN-ARCH,UNKNOWN,wiki_catalogue,https://drugdealersim.com/map?game=1708850&area=isla-sombra
Vendor sells,EQ-METAL-CABINET,Metal cabinet,Furniture store,dueno-del-mar,SHOP-FURN-PORT,UNKNOWN,wiki_catalogue,https://drugdealersim.com/map?game=1708850&area=isla-sombra
Vendor sells,EQ-METAL-CABINET,Metal cabinet,Furniture store,la-colina-sangrienta,SHOP-FURN-JAM,UNKNOWN,wiki_catalogue,https://drugdealersim.com/map?game=1708850&area=isla-sombra
Vendor sells,EQ-METAL-CABINET,Metal cabinet,Furniture store,paraiso-peninsular,SHOP-FURN-PENI,UNKNOWN,wiki_catalogue,https://drugdealersim.com/map?game=1708850&area=isla-sombra
Vendor sells,EQ-METAL-CABINET,Metal cabinet,Furniture store,slavs-bay,SHOP-FURN-SLAV,UNKNOWN,wiki_catalogue,https://drugdealersim.com/map?game=1708850&area=isla-sombra
Vendor sells,ITEM-METAL-PARTS,Metal parts,Boat Seller,dueno-del-mar,SHOP-BOAT-PORT,UNKNOWN,wiki_catalogue,https://drugdealersim.com/map?game=1708850&area=isla-sombra
Vendor sells,ITEM-METAL-PARTS,Metal parts,Bogdan the Mechanic,slavs-bay,SHOP-MECH-SLAV,UNKNOWN,wiki_catalogue,https://drugdealersim.com/map?game=1708850&area=isla-sombra
Vendor sells,ITEM-METAL-PARTS,Metal parts,Fuel depot,archipelago,SHOP-GAS-MEX1,UNKNOWN,wiki_catalogue,https://drugdealersim.com/map?game=1708850&area=isla-sombra
Vendor sells,ITEM-METAL-PARTS,Metal parts,Fuel depot,archipelago,SHOP-GAS-ARCH,UNKNOWN,wiki_catalogue,https://drugdealersim.com/map?game=1708850&area=isla-sombra
Vendor sells,ITEM-METAL-PARTS,Metal parts,Fuel depot,dueno-del-mar,SHOP-GAS-PORT,UNKNOWN,wiki_catalogue,https://drugdealersim.com/map?game=1708850&area=isla-sombra
Vendor sells,ITEM-METAL-PARTS,Metal parts,Fuel depot,slavs-bay,SHOP-GAS-SLAV,UNKNOWN,wiki_catalogue,https://drugdealersim.com/map?game=1708850&area=isla-sombra
Vendor sells,ITEM-METAL-PARTS,Metal parts,Hardware store,bahia-de-oro-favela,SHOP-HARD-CITY-FAV,UNKNOWN,wiki_catalogue,https://drugdealersim.com/map?game=1708850&area=isla-sombra
Vendor sells,ITEM-METAL-PARTS,Metal parts,Hardware store,callejon,SHOP-CLOTH-MEX1,UNKNOWN,wiki_catalogue,https://drugdealersim.com/map?game=1708850&area=isla-sombra
Vendor sells,ITEM-METAL-PARTS,Metal parts,Hardware store,jungle,SHOP-HARD-MEX2,UNKNOWN,wiki_catalogue,https://drugdealersim.com/map?game=1708850&area=isla-sombra
Vendor sells,ITEM-METAL-PARTS,Metal parts,Hardware store,la-colina-sangrienta,SHOP-HARD-JAM,UNKNOWN,wiki_catalogue,https://drugdealersim.com/map?game=1708850&area=isla-sombra
Vendor sells,ITEM-METAL-PARTS,Metal parts,Hardware store,volcano-island,SHOP-HARD-VOL,UNKNOWN,wiki_catalogue,https://drugdealersim.com/map?game=1708850&area=isla-sombra
Vendor sells,ITEM-METAL-PARTS,Metal parts,Mechanic,archipelago,SHOP-MECH-ARCH,UNKNOWN,wiki_catalogue,https://drugdealersim.com/map?game=1708850&area=isla-sombra
Vendor buys,TOOL-WEP-PIPE,Metal pipe,Tom the Tech,UNKNOWN,buyer:tom-the-tech,100,observed_in_game,"User-supplied in-game SELL screenshot, 2026-10-08"
Vendor sells,DRUG-METH-PACK-10G,Methamphetamine,Meth store,jungle,SHOP-DRUGS-METH,UNKNOWN,wiki_catalogue,https://drugdealersim.com/map?game=1708850&area=isla-sombra
Vendor sells,CHEM-METHANOL-S,Methanol (methyl alcohol),Construction store,slavs-bay,SHOP-CHEM-SLAV,UNKNOWN,wiki_catalogue,https://drugdealersim.com/map?game=1708850&area=isla-sombra
Vendor sells,CHEM-METHANOL-L,Methanol (methyl alcohol),Construction store,slavs-bay,SHOP-CHEM-SLAV,UNKNOWN,wiki_catalogue,https://drugdealersim.com/map?game=1708850&area=isla-sombra
Vendor sells,CHEM-METHANOL-S,Methanol (methyl alcohol),Hardware store,bahia-de-oro-favela,SHOP-HARD-CITY-FAV,UNKNOWN,wiki_catalogue,https://drugdealersim.com/map?game=1708850&area=isla-sombra
Vendor sells,CHEM-METHANOL-L,Methanol (methyl alcohol),Hardware store,bahia-de-oro-favela,SHOP-HARD-CITY-FAV,UNKNOWN,wiki_catalogue,https://drugdealersim.com/map?game=1708850&area=isla-sombra
Vendor sells,CHEM-METHANOL-S,Methanol (methyl alcohol),Hardware store,jungle,SHOP-HARD-MEX2,UNKNOWN,wiki_catalogue,https://drugdealersim.com/map?game=1708850&area=isla-sombra
Vendor sells,CHEM-METHANOL-L,Methanol (methyl alcohol),Hardware store,jungle,SHOP-HARD-MEX2,UNKNOWN,wiki_catalogue,https://drugdealersim.com/map?game=1708850&area=isla-sombra
Vendor sells,CHEM-METHANOL-S,Methanol (methyl alcohol),Hardware store,la-colina-sangrienta,SHOP-HARD-JAM,UNKNOWN,wiki_catalogue,https://drugdealersim.com/map?game=1708850&area=isla-sombra
Vendor sells,CHEM-METHANOL-L,Methanol (methyl alcohol),Hardware store,la-colina-sangrienta,SHOP-HARD-JAM,UNKNOWN,wiki_catalogue,https://drugdealersim.com/map?game=1708850&area=isla-sombra
Vendor sells,CHEM-METHANOL-S,Methanol (methyl alcohol),Hardware store,volcano-island,SHOP-HARD-VOL,UNKNOWN,wiki_catalogue,https://drugdealersim.com/map?game=1708850&area=isla-sombra
Vendor sells,CHEM-METHANOL-L,Methanol (methyl alcohol),Hardware store,volcano-island,SHOP-HARD-VOL,UNKNOWN,wiki_catalogue,https://drugdealersim.com/map?game=1708850&area=isla-sombra
Vendor sells,CHEM-METHANOL-S,Methanol (methyl alcohol),Mini-market,dueno-del-mar,SHOP-BIG-GENE-PORT,UNKNOWN,wiki_catalogue,https://drugdealersim.com/map?game=1708850&area=isla-sombra
Vendor sells,CHEM-METHANOL-S,Methanol (methyl alcohol),Mini-market,paraiso-peninsular,SHOP-BIG-GENE-PENI,UNKNOWN,wiki_catalogue,https://drugdealersim.com/map?game=1708850&area=isla-sombra
Vendor sells,CHEM-METHANOL-S,Methanol (methyl alcohol),Pharmacy,dueno-del-mar,SHOP-PHARM-PORT,UNKNOWN,wiki_catalogue,https://drugdealersim.com/map?game=1708850&area=isla-sombra
Vendor sells,CHEM-METHANOL-S,Methanol (methyl alcohol),Pharmacy,paraiso-peninsular,SHOP-PHARM-PENI,UNKNOWN,wiki_catalogue,https://drugdealersim.com/map?game=1708850&area=isla-sombra
Vendor sells,CHEM-METHANOL-L,Methanol (methyl alcohol),Pharmacy,paraiso-peninsular,SHOP-PHARM-PENI,UNKNOWN,wiki_catalogue,https://drugdealersim.com/map?game=1708850&area=isla-sombra
Vendor sells,LABEQ-MICROFINE-GRINDER,Microfine grinder,Equipment store,dueno-del-mar,SHOP-LABEQ-PORT,UNKNOWN,wiki_catalogue,https://drugdealersim.com/map?game=1708850&area=isla-sombra
Vendor sells,LABEQ-MICROFINE-GRINDER,Microfine grinder,Equipment store,volcano-island,SHOP-LABEQ-VOL,UNKNOWN,wiki_catalogue,https://drugdealersim.com/map?game=1708850&area=isla-sombra
Vendor sells,LABEQ-MICROFINE-GRINDER,Microfine grinder,Ghetto equipment store,bahia-de-oro-favela,SHOP-LABEQ-CITY-FAV,UNKNOWN,wiki_catalogue,https://drugdealersim.com/map?game=1708850&area=isla-sombra
Vendor sells,MED-MIGRAINE,Migraine medicine,LSD Bum,paraiso-peninsular,SHOP-DRUGS-LSD,UNKNOWN,wiki_catalogue,https://drugdealersim.com/map?game=1708850&area=isla-sombra
Vendor sells,MED-MIGRAINE,Migraine medicine,Pharmacy,dueno-del-mar,SHOP-PHARM-PORT,UNKNOWN,wiki_catalogue,https://drugdealersim.com/map?game=1708850&area=isla-sombra
Vendor sells,MED-MIGRAINE,Migraine medicine,Pharmacy,paraiso-peninsular,SHOP-PHARM-PENI,UNKNOWN,wiki_catalogue,https://drugdealersim.com/map?game=1708850&area=isla-sombra
Vendor sells,CLOTH-MILI-SHOES,Military boots,Hardware store,bahia-de-oro-favela,SHOP-HARD-CITY-FAV,UNKNOWN,wiki_catalogue,https://drugdealersim.com/map?game=1708850&area=isla-sombra
Vendor sells,CLOTH-MILI-SHOES,Military boots,Hardware store,la-colina-sangrienta,SHOP-HARD-JAM,UNKNOWN,wiki_catalogue,https://drugdealersim.com/map?game=1708850&area=isla-sombra
Vendor sells,CLOTH-MILI-SHOES,Military boots,Military equipment shop,dueno-del-mar,SHOP-HARD-PORT,UNKNOWN,wiki_catalogue,https://drugdealersim.com/map?game=1708850&area=isla-sombra
Vendor sells,CLOTH-MILI-CAP,Military cap,Hardware store,bahia-de-oro-favela,SHOP-HARD-CITY-FAV,UNKNOWN,wiki_catalogue,https://drugdealersim.com/map?game=1708850&area=isla-sombra
Vendor sells,CLOTH-MILI-CAP,Military cap,Hardware store,la-colina-sangrienta,SHOP-HARD-JAM,UNKNOWN,wiki_catalogue,https://drugdealersim.com/map?game=1708850&area=isla-sombra
Vendor sells,CLOTH-MILI-CAP,Military cap,Military equipment shop,dueno-del-mar,SHOP-HARD-PORT,UNKNOWN,wiki_catalogue,https://drugdealersim.com/map?game=1708850&area=isla-sombra
Vendor sells,CLOTH-MILI-JACKET,Military jacket,Hardware store,bahia-de-oro-favela,SHOP-HARD-CITY-FAV,UNKNOWN,wiki_catalogue,https://drugdealersim.com/map?game=1708850&area=isla-sombra
Vendor sells,CLOTH-MILI-JACKET,Military jacket,Hardware store,la-colina-sangrienta,SHOP-HARD-JAM,UNKNOWN,wiki_catalogue,https://drugdealersim.com/map?game=1708850&area=isla-sombra
Vendor sells,CLOTH-MILI-JACKET,Military jacket,Military equipment shop,dueno-del-mar,SHOP-HARD-PORT,UNKNOWN,wiki_catalogue,https://drugdealersim.com/map?game=1708850&area=isla-sombra
Vendor buys,TOOL-WEP-KNIFE-MIL,Military knife,Tom the Tech,UNKNOWN,buyer:tom-the-tech,1000,observed_in_game,"User-supplied in-game SELL screenshot, 2026-10-08"
Vendor sells,TOOL-WEP-KNIFE-MIL,Military knife,Hardware store,bahia-de-oro-favela,SHOP-HARD-CITY-FAV,UNKNOWN,wiki_catalogue,https://drugdealersim.com/map?game=1708850&area=isla-sombra
Vendor sells,TOOL-WEP-KNIFE-MIL,Military knife,Hardware store,la-colina-sangrienta,SHOP-HARD-JAM,UNKNOWN,wiki_catalogue,https://drugdealersim.com/map?game=1708850&area=isla-sombra
Vendor sells,TOOL-WEP-KNIFE-MIL,Military knife,Military equipment shop,dueno-del-mar,SHOP-HARD-PORT,UNKNOWN,wiki_catalogue,https://drugdealersim.com/map?game=1708850&area=isla-sombra
Vendor sells,CLOTH-MILI-PANTS,Military pants,Hardware store,bahia-de-oro-favela,SHOP-HARD-CITY-FAV,UNKNOWN,wiki_catalogue,https://drugdealersim.com/map?game=1708850&area=isla-sombra
Vendor sells,CLOTH-MILI-PANTS,Military pants,Hardware store,la-colina-sangrienta,SHOP-HARD-JAM,UNKNOWN,wiki_catalogue,https://drugdealersim.com/map?game=1708850&area=isla-sombra
Vendor sells,CLOTH-MILI-PANTS,Military pants,Military equipment shop,dueno-del-mar,SHOP-HARD-PORT,UNKNOWN,wiki_catalogue,https://drugdealersim.com/map?game=1708850&area=isla-sombra
Vendor sells,ITEM-MOBILE,Mobile phone,Hardware store,bahia-de-oro-favela,SHOP-HARD-CITY-FAV,UNKNOWN,wiki_catalogue,https://drugdealersim.com/map?game=1708850&area=isla-sombra
Vendor sells,ITEM-MOBILE,Mobile phone,Hardware store,callejon,SHOP-CLOTH-MEX1,UNKNOWN,wiki_catalogue,https://drugdealersim.com/map?game=1708850&area=isla-sombra
Vendor sells,ITEM-MOBILE,Mobile phone,Hardware store,la-colina-sangrienta,SHOP-HARD-JAM,UNKNOWN,wiki_catalogue,https://drugdealersim.com/map?game=1708850&area=isla-sombra
Vendor sells,ITEM-MOBILE,Mobile phone,Hardware store,volcano-island,SHOP-HARD-VOL,UNKNOWN,wiki_catalogue,https://drugdealersim.com/map?game=1708850&area=isla-sombra
Vendor sells,ITEM-MOBILE,Mobile phone,Mini-market,archipelago,SHOP-BIG-GENE-ARCH,UNKNOWN,wiki_catalogue,https://drugdealersim.com/map?game=1708850&area=isla-sombra
Vendor sells,ITEM-MOBILE,Mobile phone,Mini-market,dueno-del-mar,SHOP-BIG-GENE-PORT,UNKNOWN,wiki_catalogue,https://drugdealersim.com/map?game=1708850&area=isla-sombra
Vendor sells,ITEM-MOBILE,Mobile phone,Mini-market,paraiso-peninsular,SHOP-BIG-GENE-PENI,UNKNOWN,wiki_catalogue,https://drugdealersim.com/map?game=1708850&area=isla-sombra
Vendor sells,ITEM-MOBILE,Mobile phone,Pub,callejon,SHOP-FUN2-MEX1,UNKNOWN,wiki_catalogue,https://drugdealersim.com/map?game=1708850&area=isla-sombra
Vendor sells,PLANT-GLORY,Morning glory,Old Man,la-colina-sangrienta,SHOP-FARM-JAM,UNKNOWN,wiki_catalogue,https://drugdealersim.com/map?game=1708850&area=isla-sombra
Vendor sells,PLANT-GLORY,Morning glory,Poppy shop,callejon,SHOP-FARM2-MEX1,UNKNOWN,wiki_catalogue,https://drugdealersim.com/map?game=1708850&area=isla-sombra
Vendor sells,LABEQ-MORTAR,Mortar,Equipment and upgrade store,la-colina-sangrienta,SHOP-LABEQ-JAM,UNKNOWN,wiki_catalogue,https://drugdealersim.com/map?game=1708850&area=isla-sombra
Vendor sells,LABEQ-MORTAR,Mortar,Equipment store,archipelago,SHOP-LABEQ-ARCH,UNKNOWN,wiki_catalogue,https://drugdealersim.com/map?game=1708850&area=isla-sombra
Vendor sells,LABEQ-MORTAR,Mortar,Furniture store,la-colina-sangrienta,SHOP-FURN-JAM,UNKNOWN,wiki_catalogue,https://drugdealersim.com/map?game=1708850&area=isla-sombra
Vendor sells,LABEQ-MORTAR,Mortar,Furniture store,slavs-bay,SHOP-FURN-SLAV,UNKNOWN,wiki_catalogue,https://drugdealersim.com/map?game=1708850&area=isla-sombra
Vendor sells,LABEQ-MORTAR,Mortar,Ghetto equipment store,bahia-de-oro-favela,SHOP-LABEQ-CITY-FAV,UNKNOWN,wiki_catalogue,https://drugdealersim.com/map?game=1708850&area=isla-sombra
Vendor sells,LABEQ-MORTAR,Mortar,Ghetto equipment store,slavs-bay,SHOP-LABEQ-SLAV,UNKNOWN,wiki_catalogue,https://drugdealersim.com/map?game=1708850&area=isla-sombra
Vendor sells,KEY-VEH-MOT,Motorbike,Mechanic,archipelago,SHOP-MECH-ARCH,UNKNOWN,wiki_catalogue,https://drugdealersim.com/map?game=1708850&area=isla-sombra
Vendor sells,KEY-VEH-MID-BOAT,Motorboat,Fuel depot,slavs-bay,SHOP-GAS-SLAV,UNKNOWN,wiki_catalogue,https://drugdealersim.com/map?game=1708850&area=isla-sombra
Vendor sells,TOOL-MULTITOOL,Multitool,Hardware store,bahia-de-oro-favela,SHOP-HARD-CITY-FAV,UNKNOWN,wiki_catalogue,https://drugdealersim.com/map?game=1708850&area=isla-sombra
Vendor sells,TOOL-MULTITOOL,Multitool,Hardware store,jungle,SHOP-HARD-MEX2,UNKNOWN,wiki_catalogue,https://drugdealersim.com/map?game=1708850&area=isla-sombra
Vendor sells,TOOL-MULTITOOL,Multitool,Hardware store,la-colina-sangrienta,SHOP-HARD-JAM,UNKNOWN,wiki_catalogue,https://drugdealersim.com/map?game=1708850&area=isla-sombra
Vendor sells,TOOL-MULTITOOL,Multitool,Hardware store,volcano-island,SHOP-HARD-VOL,UNKNOWN,wiki_catalogue,https://drugdealersim.com/map?game=1708850&area=isla-sombra
Vendor sells,TOOL-MULTITOOL,Multitool,Military equipment shop,dueno-del-mar,SHOP-HARD-PORT,UNKNOWN,wiki_catalogue,https://drugdealersim.com/map?game=1708850&area=isla-sombra
Vendor sells,JEWEL-NECKLACE,Necklace,Exclusive boutique,paraiso-peninsular,SHOP-CLOTH-PENI,UNKNOWN,wiki_catalogue,https://drugdealersim.com/map?game=1708850&area=isla-sombra
Vendor sells,JEWEL-NECKLACE-01,Necklace,Exclusive boutique,paraiso-peninsular,SHOP-CLOTH-PENI,UNKNOWN,wiki_catalogue,https://drugdealersim.com/map?game=1708850&area=isla-sombra
Vendor sells,JEWEL-NECKLACE-02,Necklace,Exclusive boutique,paraiso-peninsular,SHOP-CLOTH-PENI,UNKNOWN,wiki_catalogue,https://drugdealersim.com/map?game=1708850&area=isla-sombra
Vendor sells,JEWEL-NECKLACE,Necklace,Pawn shop,bahia-de-oro-favela,SHOP-PAWN-CITY-FAV,UNKNOWN,wiki_catalogue,https://drugdealersim.com/map?game=1708850&area=isla-sombra
Vendor sells,JEWEL-NECKLACE-01,Necklace,Pawn shop,bahia-de-oro-favela,SHOP-PAWN-CITY-FAV,UNKNOWN,wiki_catalogue,https://drugdealersim.com/map?game=1708850&area=isla-sombra
Vendor sells,JEWEL-NECKLACE-02,Necklace,Pawn shop,bahia-de-oro-favela,SHOP-PAWN-CITY-FAV,UNKNOWN,wiki_catalogue,https://drugdealersim.com/map?game=1708850&area=isla-sombra
Vendor sells,JEWEL-NECKLACE,Necklace,Pawn shop,callejon,SHOP-PAWN-MEX1,UNKNOWN,wiki_catalogue,https://drugdealersim.com/map?game=1708850&area=isla-sombra
Vendor sells,JEWEL-NECKLACE-01,Necklace,Pawn shop,callejon,SHOP-PAWN-MEX1,UNKNOWN,wiki_catalogue,https://drugdealersim.com/map?game=1708850&area=isla-sombra
Vendor sells,JEWEL-NECKLACE-02,Necklace,Pawn shop,callejon,SHOP-PAWN-MEX1,UNKNOWN,wiki_catalogue,https://drugdealersim.com/map?game=1708850&area=isla-sombra
Vendor sells,JEWEL-NECKLACE,Necklace,Pawn shop,dueno-del-mar,SHOP-PAWN-PORT,UNKNOWN,wiki_catalogue,https://drugdealersim.com/map?game=1708850&area=isla-sombra
Vendor sells,JEWEL-NECKLACE-01,Necklace,Pawn shop,dueno-del-mar,SHOP-PAWN-PORT,UNKNOWN,wiki_catalogue,https://drugdealersim.com/map?game=1708850&area=isla-sombra
Vendor sells,JEWEL-NECKLACE-02,Necklace,Pawn shop,dueno-del-mar,SHOP-PAWN-PORT,UNKNOWN,wiki_catalogue,https://drugdealersim.com/map?game=1708850&area=isla-sombra
Vendor sells,JEWEL-NECKLACE,Necklace,Pawn shop,jungle,SHOP-PAWN-MEX2,UNKNOWN,wiki_catalogue,https://drugdealersim.com/map?game=1708850&area=isla-sombra
Vendor sells,JEWEL-NECKLACE-01,Necklace,Pawn shop,jungle,SHOP-PAWN-MEX2,UNKNOWN,wiki_catalogue,https://drugdealersim.com/map?game=1708850&area=isla-sombra
Vendor sells,JEWEL-NECKLACE-02,Necklace,Pawn shop,jungle,SHOP-PAWN-MEX2,UNKNOWN,wiki_catalogue,https://drugdealersim.com/map?game=1708850&area=isla-sombra
Vendor sells,JEWEL-NECKLACE,Necklace,Pawn shop,la-colina-sangrienta,SHOP-PAWN-JAM,UNKNOWN,wiki_catalogue,https://drugdealersim.com/map?game=1708850&area=isla-sombra
Vendor sells,JEWEL-NECKLACE-01,Necklace,Pawn shop,la-colina-sangrienta,SHOP-PAWN-JAM,UNKNOWN,wiki_catalogue,https://drugdealersim.com/map?game=1708850&area=isla-sombra
Vendor sells,JEWEL-NECKLACE-02,Necklace,Pawn shop,la-colina-sangrienta,SHOP-PAWN-JAM,UNKNOWN,wiki_catalogue,https://drugdealersim.com/map?game=1708850&area=isla-sombra
Vendor sells,JEWEL-NECKLACE,Necklace,Pawn shop,paraiso-peninsular,SHOP-PAWN-PENI,UNKNOWN,wiki_catalogue,https://drugdealersim.com/map?game=1708850&area=isla-sombra
Vendor sells,JEWEL-NECKLACE-01,Necklace,Pawn shop,paraiso-peninsular,SHOP-PAWN-PENI,UNKNOWN,wiki_catalogue,https://drugdealersim.com/map?game=1708850&area=isla-sombra
Vendor sells,JEWEL-NECKLACE-02,Necklace,Pawn shop,paraiso-peninsular,SHOP-PAWN-PENI,UNKNOWN,wiki_catalogue,https://drugdealersim.com/map?game=1708850&area=isla-sombra
Vendor sells,JEWEL-NECKLACE,Necklace,Pawn shop,slavs-bay,SHOP-PAWN-SLAV,UNKNOWN,wiki_catalogue,https://drugdealersim.com/map?game=1708850&area=isla-sombra
Vendor sells,JEWEL-NECKLACE-01,Necklace,Pawn shop,slavs-bay,SHOP-PAWN-SLAV,UNKNOWN,wiki_catalogue,https://drugdealersim.com/map?game=1708850&area=isla-sombra
Vendor sells,JEWEL-NECKLACE-02,Necklace,Pawn shop,slavs-bay,SHOP-PAWN-SLAV,UNKNOWN,wiki_catalogue,https://drugdealersim.com/map?game=1708850&area=isla-sombra
Vendor sells,JEWEL-NECKLACE,Necklace,Second hand store,archipelago,SHOP-CLOTH-ARCH,UNKNOWN,wiki_catalogue,https://drugdealersim.com/map?game=1708850&area=isla-sombra
Vendor sells,JEWEL-NECKLACE-01,Necklace,Second hand store,archipelago,SHOP-CLOTH-ARCH,UNKNOWN,wiki_catalogue,https://drugdealersim.com/map?game=1708850&area=isla-sombra
Vendor sells,JEWEL-NECKLACE-02,Necklace,Second hand store,archipelago,SHOP-CLOTH-ARCH,UNKNOWN,wiki_catalogue,https://drugdealersim.com/map?game=1708850&area=isla-sombra
Vendor sells,JEWEL-NECKLACE,Necklace,Second hand store,slavs-bay,SHOP-CLOTH-SLAV,UNKNOWN,wiki_catalogue,https://drugdealersim.com/map?game=1708850&area=isla-sombra
Vendor sells,JEWEL-NECKLACE-01,Necklace,Second hand store,slavs-bay,SHOP-CLOTH-SLAV,UNKNOWN,wiki_catalogue,https://drugdealersim.com/map?game=1708850&area=isla-sombra
Vendor sells,JEWEL-NECKLACE-02,Necklace,Second hand store,slavs-bay,SHOP-CLOTH-SLAV,UNKNOWN,wiki_catalogue,https://drugdealersim.com/map?game=1708850&area=isla-sombra
Vendor sells,EQ-NIGHTSTAND-INDU,Nightstand,Furniture store,la-colina-sangrienta,SHOP-FURN-JAM,UNKNOWN,wiki_catalogue,https://drugdealersim.com/map?game=1708850&area=isla-sombra
Vendor sells,EQ-CABINET-OFFICE,Office cabinet,Furniture store,dueno-del-mar,SHOP-FURN-PORT,UNKNOWN,wiki_catalogue,https://drugdealersim.com/map?game=1708850&area=isla-sombra
Vendor sells,EQ-DECOR-VINT-04,Oil lamp,Furniture store,dueno-del-mar,SHOP-FURN-PORT,UNKNOWN,wiki_catalogue,https://drugdealersim.com/map?game=1708850&area=isla-sombra
Vendor sells,EQ-DECOR-VINT-05,Oil lamp,Furniture store,dueno-del-mar,SHOP-FURN-PORT,UNKNOWN,wiki_catalogue,https://drugdealersim.com/map?game=1708850&area=isla-sombra
Vendor sells,LABEQ-BARREL-MIXER,Old Barrel,Equipment and upgrade store,la-colina-sangrienta,SHOP-LABEQ-JAM,UNKNOWN,wiki_catalogue,https://drugdealersim.com/map?game=1708850&area=isla-sombra
Vendor sells,LABEQ-BARREL-MIXER,Old Barrel,Ghetto equipment store,bahia-de-oro-favela,SHOP-LABEQ-CITY-FAV,UNKNOWN,wiki_catalogue,https://drugdealersim.com/map?game=1708850&area=isla-sombra
Vendor sells,LABEQ-BARREL-MIXER,Old Barrel,Ghetto equipment store,slavs-bay,SHOP-LABEQ-SLAV,UNKNOWN,wiki_catalogue,https://drugdealersim.com/map?game=1708850&area=isla-sombra
Vendor sells,DRUG-OPIUM-PACK-10G,Opium,Bakery,la-colina-sangrienta,SHOP-DRUGS-JAM,UNKNOWN,wiki_catalogue,https://drugdealersim.com/map?game=1708850&area=isla-sombra
Vendor sells,DRUG-OPIUM-PACK-50G,Opium,Bakery,la-colina-sangrienta,SHOP-DRUGS-JAM,UNKNOWN,wiki_catalogue,https://drugdealersim.com/map?game=1708850&area=isla-sombra
Vendor sells,PLANT-BOX-OUT,Outdoor pot box,Equipment and upgrade store,la-colina-sangrienta,SHOP-LABEQ-JAM,UNKNOWN,wiki_catalogue,https://drugdealersim.com/map?game=1708850&area=isla-sombra
Vendor sells,PLANT-BOX-OUT,Outdoor pot box,Ghetto equipment store,bahia-de-oro-favela,SHOP-LABEQ-CITY-FAV,UNKNOWN,wiki_catalogue,https://drugdealersim.com/map?game=1708850&area=isla-sombra
Vendor sells,PLANT-BOX-OUT,Outdoor pot box,Ghetto equipment store,slavs-bay,SHOP-LABEQ-SLAV,UNKNOWN,wiki_catalogue,https://drugdealersim.com/map?game=1708850&area=isla-sombra
Vendor sells,ITEM-FLOUR-M,Packet of flour,Bakery,la-colina-sangrienta,SHOP-DRUGS-JAM,UNKNOWN,wiki_catalogue,https://drugdealersim.com/map?game=1708850&area=isla-sombra
Vendor sells,ITEM-FLOUR-M,Packet of flour,General store,callejon,SHOP-GENE-MEX1,UNKNOWN,wiki_catalogue,https://drugdealersim.com/map?game=1708850&area=isla-sombra
Vendor sells,ITEM-FLOUR-M,Packet of flour,General store,dueno-del-mar,SHOP-GENE-PORT,UNKNOWN,wiki_catalogue,https://drugdealersim.com/map?game=1708850&area=isla-sombra
Vendor sells,ITEM-FLOUR-M,Packet of flour,General store,jungle,SHOP-GENE-MEX2,UNKNOWN,wiki_catalogue,https://drugdealersim.com/map?game=1708850&area=isla-sombra
Vendor sells,ITEM-FLOUR-M,Packet of flour,General store,la-colina-sangrienta,SHOP-GENE-JAM,UNKNOWN,wiki_catalogue,https://drugdealersim.com/map?game=1708850&area=isla-sombra
Vendor sells,ITEM-FLOUR-M,Packet of flour,General store,slavs-bay,SHOP-GENE-SLAV,UNKNOWN,wiki_catalogue,https://drugdealersim.com/map?game=1708850&area=isla-sombra
Vendor sells,ITEM-FLOUR-M,Packet of flour,Grain shop,callejon,SHOP-FARM-MEX1,UNKNOWN,wiki_catalogue,https://drugdealersim.com/map?game=1708850&area=isla-sombra
Vendor sells,ITEM-FLOUR-M,Packet of flour,Mini-market,archipelago,SHOP-BIG-GENE-ARCH,UNKNOWN,wiki_catalogue,https://drugdealersim.com/map?game=1708850&area=isla-sombra
Vendor sells,ITEM-FLOUR-M,Packet of flour,Mini-market,dueno-del-mar,SHOP-BIG-GENE-PORT,UNKNOWN,wiki_catalogue,https://drugdealersim.com/map?game=1708850&area=isla-sombra
Vendor sells,ITEM-FLOUR-M,Packet of flour,Mini-market,paraiso-peninsular,SHOP-BIG-GENE-PENI,UNKNOWN,wiki_catalogue,https://drugdealersim.com/map?game=1708850&area=isla-sombra
Vendor sells,ITEM-SALT-M,Packet of salt,General store,callejon,SHOP-GENE-MEX1,UNKNOWN,wiki_catalogue,https://drugdealersim.com/map?game=1708850&area=isla-sombra
Vendor sells,ITEM-SALT-M,Packet of salt,General store,dueno-del-mar,SHOP-GENE-PORT,UNKNOWN,wiki_catalogue,https://drugdealersim.com/map?game=1708850&area=isla-sombra
Vendor sells,ITEM-SALT-M,Packet of salt,General store,jungle,SHOP-GENE-MEX2,UNKNOWN,wiki_catalogue,https://drugdealersim.com/map?game=1708850&area=isla-sombra
Vendor sells,ITEM-SALT-M,Packet of salt,General store,la-colina-sangrienta,SHOP-GENE-JAM,UNKNOWN,wiki_catalogue,https://drugdealersim.com/map?game=1708850&area=isla-sombra
Vendor sells,ITEM-SALT-M,Packet of salt,General store,slavs-bay,SHOP-GENE-SLAV,UNKNOWN,wiki_catalogue,https://drugdealersim.com/map?game=1708850&area=isla-sombra
Vendor sells,ITEM-SALT-M,Packet of salt,Mini-market,archipelago,SHOP-BIG-GENE-ARCH,UNKNOWN,wiki_catalogue,https://drugdealersim.com/map?game=1708850&area=isla-sombra
Vendor sells,ITEM-SALT-M,Packet of salt,Mini-market,dueno-del-mar,SHOP-BIG-GENE-PORT,UNKNOWN,wiki_catalogue,https://drugdealersim.com/map?game=1708850&area=isla-sombra
Vendor sells,ITEM-SALT-M,Packet of salt,Mini-market,paraiso-peninsular,SHOP-BIG-GENE-PENI,UNKNOWN,wiki_catalogue,https://drugdealersim.com/map?game=1708850&area=isla-sombra
Vendor sells,ITEM-SODA-M,Packet of soda,Construction store,slavs-bay,SHOP-CHEM-SLAV,UNKNOWN,wiki_catalogue,https://drugdealersim.com/map?game=1708850&area=isla-sombra
Vendor sells,ITEM-SODA-M,Packet of soda,General store,callejon,SHOP-GENE-MEX1,UNKNOWN,wiki_catalogue,https://drugdealersim.com/map?game=1708850&area=isla-sombra
Vendor sells,ITEM-SODA-M,Packet of soda,General store,dueno-del-mar,SHOP-GENE-PORT,UNKNOWN,wiki_catalogue,https://drugdealersim.com/map?game=1708850&area=isla-sombra
Vendor sells,ITEM-SODA-M,Packet of soda,General store,jungle,SHOP-GENE-MEX2,UNKNOWN,wiki_catalogue,https://drugdealersim.com/map?game=1708850&area=isla-sombra
Vendor sells,ITEM-SODA-M,Packet of soda,General store,la-colina-sangrienta,SHOP-GENE-JAM,UNKNOWN,wiki_catalogue,https://drugdealersim.com/map?game=1708850&area=isla-sombra
Vendor sells,ITEM-SODA-M,Packet of soda,General store,slavs-bay,SHOP-GENE-SLAV,UNKNOWN,wiki_catalogue,https://drugdealersim.com/map?game=1708850&area=isla-sombra
Vendor sells,ITEM-SODA-M,Packet of soda,Mini-market,dueno-del-mar,SHOP-BIG-GENE-PORT,UNKNOWN,wiki_catalogue,https://drugdealersim.com/map?game=1708850&area=isla-sombra
Vendor sells,ITEM-SODA-M,Packet of soda,Mini-market,paraiso-peninsular,SHOP-BIG-GENE-PENI,UNKNOWN,wiki_catalogue,https://drugdealersim.com/map?game=1708850&area=isla-sombra
Vendor sells,ITEM-SUGAR-M,Packet of sugar,General store,callejon,SHOP-GENE-MEX1,UNKNOWN,wiki_catalogue,https://drugdealersim.com/map?game=1708850&area=isla-sombra
Vendor sells,ITEM-SUGAR-M,Packet of sugar,General store,dueno-del-mar,SHOP-GENE-PORT,UNKNOWN,wiki_catalogue,https://drugdealersim.com/map?game=1708850&area=isla-sombra
Vendor sells,ITEM-SUGAR-M,Packet of sugar,General store,slavs-bay,SHOP-GENE-SLAV,UNKNOWN,wiki_catalogue,https://drugdealersim.com/map?game=1708850&area=isla-sombra
Vendor sells,ITEM-SUGAR-M,Packet of sugar,Mini-market,archipelago,SHOP-BIG-GENE-ARCH,UNKNOWN,wiki_catalogue,https://drugdealersim.com/map?game=1708850&area=isla-sombra
Vendor sells,ITEM-SUGAR-M,Packet of sugar,Mini-market,dueno-del-mar,SHOP-BIG-GENE-PORT,UNKNOWN,wiki_catalogue,https://drugdealersim.com/map?game=1708850&area=isla-sombra
Vendor sells,ITEM-SUGAR-M,Packet of sugar,Mini-market,paraiso-peninsular,SHOP-BIG-GENE-PENI,UNKNOWN,wiki_catalogue,https://drugdealersim.com/map?game=1708850&area=isla-sombra
Vendor buys,TOOL-WEP-PADDLE,Paddle,Tom the Tech,UNKNOWN,buyer:tom-the-tech,100,observed_in_game,"User-supplied in-game SELL screenshot, 2026-10-08"
Vendor sells,EQ-PAINTING-BAS-01,Painting,Furniture store,archipelago,SHOP-FURN-ARCH,UNKNOWN,wiki_catalogue,https://drugdealersim.com/map?game=1708850&area=isla-sombra
Vendor sells,EQ-PAINTING-MOD-01,Painting,Furniture store,archipelago,SHOP-FURN-ARCH,UNKNOWN,wiki_catalogue,https://drugdealersim.com/map?game=1708850&area=isla-sombra
Vendor sells,EQ-PAINTING-BAS-01,Painting,Furniture store,dueno-del-mar,SHOP-FURN-PORT,UNKNOWN,wiki_catalogue,https://drugdealersim.com/map?game=1708850&area=isla-sombra
Vendor sells,EQ-PAINTING-MOD-01,Painting,Furniture store,dueno-del-mar,SHOP-FURN-PORT,UNKNOWN,wiki_catalogue,https://drugdealersim.com/map?game=1708850&area=isla-sombra
Vendor sells,EQ-PAINTING-BAS-01,Painting,Furniture store,paraiso-peninsular,SHOP-FURN-PENI,UNKNOWN,wiki_catalogue,https://drugdealersim.com/map?game=1708850&area=isla-sombra
Vendor sells,EQ-PAINTING-MOD-01,Painting,Furniture store,paraiso-peninsular,SHOP-FURN-PENI,UNKNOWN,wiki_catalogue,https://drugdealersim.com/map?game=1708850&area=isla-sombra
Vendor sells,EQ-PAINTING-BAS-01,Painting,Furniture store,slavs-bay,SHOP-FURN-SLAV,UNKNOWN,wiki_catalogue,https://drugdealersim.com/map?game=1708850&area=isla-sombra
Vendor sells,EQ-PAINTING-VINT-04,Paintings,Furniture store,dueno-del-mar,SHOP-FURN-PORT,UNKNOWN,wiki_catalogue,https://drugdealersim.com/map?game=1708850&area=isla-sombra
Vendor sells,EQ-PAINTING-VINT-05,Paintings,Furniture store,dueno-del-mar,SHOP-FURN-PORT,UNKNOWN,wiki_catalogue,https://drugdealersim.com/map?game=1708850&area=isla-sombra
Vendor sells,CLOTH-PANTS,Pants,Exclusive boutique,dueno-del-mar,SHOP-CLOTH-PORT,UNKNOWN,wiki_catalogue,https://drugdealersim.com/map?game=1708850&area=isla-sombra
Vendor sells,CLOTH-PANTS,Pants,Hardware store,callejon,SHOP-CLOTH-MEX1,UNKNOWN,wiki_catalogue,https://drugdealersim.com/map?game=1708850&area=isla-sombra
Vendor sells,CLOTH-PANTS,Pants,Mini-market,archipelago,SHOP-BIG-GENE-ARCH,UNKNOWN,wiki_catalogue,https://drugdealersim.com/map?game=1708850&area=isla-sombra
Vendor sells,CLOTH-PANTS,Pants,Mini-market,dueno-del-mar,SHOP-BIG-GENE-PORT,UNKNOWN,wiki_catalogue,https://drugdealersim.com/map?game=1708850&area=isla-sombra
Vendor sells,CLOTH-PANTS,Pants,Mini-market,paraiso-peninsular,SHOP-BIG-GENE-PENI,UNKNOWN,wiki_catalogue,https://drugdealersim.com/map?game=1708850&area=isla-sombra
Vendor sells,CLOTH-PANTS,Pants,Second hand store,archipelago,SHOP-CLOTH-ARCH,UNKNOWN,wiki_catalogue,https://drugdealersim.com/map?game=1708850&area=isla-sombra
Vendor sells,CLOTH-PANTS,Pants,Second hand store,archipelago,SHOP-CLOTH-ARCH,UNKNOWN,wiki_catalogue,https://drugdealersim.com/map?game=1708850&area=isla-sombra
Vendor sells,CLOTH-PANTS-01,Pants,Second hand store,archipelago,SHOP-CLOTH-ARCH,UNKNOWN,wiki_catalogue,https://drugdealersim.com/map?game=1708850&area=isla-sombra
Vendor sells,CLOTH-PANTS-02,Pants,Second hand store,archipelago,SHOP-CLOTH-ARCH,UNKNOWN,wiki_catalogue,https://drugdealersim.com/map?game=1708850&area=isla-sombra
Vendor sells,CLOTH-PANTS,Pants,Second hand store,slavs-bay,SHOP-CLOTH-SLAV,UNKNOWN,wiki_catalogue,https://drugdealersim.com/map?game=1708850&area=isla-sombra
Vendor sells,CLOTH-PANTS-01,Pants,Second hand store,slavs-bay,SHOP-CLOTH-SLAV,UNKNOWN,wiki_catalogue,https://drugdealersim.com/map?game=1708850&area=isla-sombra
Vendor sells,CLOTH-PANTS-02,Pants,Second hand store,slavs-bay,SHOP-CLOTH-SLAV,UNKNOWN,wiki_catalogue,https://drugdealersim.com/map?game=1708850&area=isla-sombra
Vendor sells,EQ-DECOR-VD-PENTAGRAM-01,Pentagram,Furniture store,la-colina-sangrienta,SHOP-FURN-JAM,UNKNOWN,wiki_catalogue,https://drugdealersim.com/map?game=1708850&area=isla-sombra
Vendor sells,EQ-PET-LAYER,Pet bed,Furniture store,archipelago,SHOP-FURN-ARCH,UNKNOWN,wiki_catalogue,https://drugdealersim.com/map?game=1708850&area=isla-sombra
Vendor sells,EQ-PET-LAYER,Pet bed,Furniture store,dueno-del-mar,SHOP-FURN-PORT,UNKNOWN,wiki_catalogue,https://drugdealersim.com/map?game=1708850&area=isla-sombra
Vendor sells,EQ-PET-BED-02,Pet bed,Furniture store,dueno-del-mar,SHOP-FURN-PORT,UNKNOWN,wiki_catalogue,https://drugdealersim.com/map?game=1708850&area=isla-sombra
Vendor sells,EQ-PET-BED-03,Pet bed,Furniture store,dueno-del-mar,SHOP-FURN-PORT,UNKNOWN,wiki_catalogue,https://drugdealersim.com/map?game=1708850&area=isla-sombra
Vendor sells,EQ-PET-BED-05,Pet bed,Furniture store,dueno-del-mar,SHOP-FURN-PORT,UNKNOWN,wiki_catalogue,https://drugdealersim.com/map?game=1708850&area=isla-sombra
Vendor sells,EQ-PET-LAYER,Pet bed,Furniture store,la-colina-sangrienta,SHOP-FURN-JAM,UNKNOWN,wiki_catalogue,https://drugdealersim.com/map?game=1708850&area=isla-sombra
Vendor sells,EQ-PET-BED-06,Pet bed,Furniture store,la-colina-sangrienta,SHOP-FURN-JAM,UNKNOWN,wiki_catalogue,https://drugdealersim.com/map?game=1708850&area=isla-sombra
Vendor sells,EQ-PET-LAYER,Pet bed,Furniture store,paraiso-peninsular,SHOP-FURN-PENI,UNKNOWN,wiki_catalogue,https://drugdealersim.com/map?game=1708850&area=isla-sombra
Vendor sells,EQ-PET-BED-02,Pet bed,Furniture store,paraiso-peninsular,SHOP-FURN-PENI,UNKNOWN,wiki_catalogue,https://drugdealersim.com/map?game=1708850&area=isla-sombra
Vendor sells,EQ-PET-BED-03,Pet bed,Furniture store,paraiso-peninsular,SHOP-FURN-PENI,UNKNOWN,wiki_catalogue,https://drugdealersim.com/map?game=1708850&area=isla-sombra
Vendor sells,EQ-PET-LAYER,Pet bed,Furniture store,slavs-bay,SHOP-FURN-SLAV,UNKNOWN,wiki_catalogue,https://drugdealersim.com/map?game=1708850&area=isla-sombra
Vendor sells,EQ-PET-BED-04,Pet bed,Furniture store,slavs-bay,SHOP-FURN-SLAV,UNKNOWN,wiki_catalogue,https://drugdealersim.com/map?game=1708850&area=isla-sombra
Vendor sells,CHEM-PHENYL,Phenylethylamine,Marcus' laboratory,archipelago,SHOP-DRUGS-AMPH,UNKNOWN,wiki_catalogue,https://drugdealersim.com/map?game=1708850&area=isla-sombra
Vendor sells,CHEM-PHENYL,Phenylethylamine,Pharmacy,dueno-del-mar,SHOP-PHARM-PORT,UNKNOWN,wiki_catalogue,https://drugdealersim.com/map?game=1708850&area=isla-sombra
Vendor sells,CHEM-PHENYL,Phenylethylamine,Pharmacy,paraiso-peninsular,SHOP-PHARM-PENI,UNKNOWN,wiki_catalogue,https://drugdealersim.com/map?game=1708850&area=isla-sombra
Vendor sells,UNKNOWN,Phenylethylamine (200ml),Marcus,small-island,UNKNOWN,UNKNOWN,wiki_catalogue,https://drugdealersim.com/map?game=1708850&area=isla-sombra
Vendor sells,LABEQ-PILL-PRESS,Pill Presser,Equipment store,dueno-del-mar,SHOP-LABEQ-PORT,UNKNOWN,wiki_catalogue,https://drugdealersim.com/map?game=1708850&area=isla-sombra
Vendor buys,TOOL-WEP-PITCH,Pitchfork,Tom the Tech,UNKNOWN,buyer:tom-the-tech,500,observed_in_game,"User-supplied in-game SELL screenshot, 2026-10-08"
Vendor sells,TOOL-WEP-PITCH,Pitchfork,Grain shop,callejon,SHOP-FARM-MEX1,UNKNOWN,wiki_catalogue,https://drugdealersim.com/map?game=1708850&area=isla-sombra
Vendor sells,TOOL-WEP-PITCH,Pitchfork,Poppy shop,callejon,SHOP-FARM2-MEX1,UNKNOWN,wiki_catalogue,https://drugdealersim.com/map?game=1708850&area=isla-sombra
Vendor sells,ITEM-PLASTIC-BAG,Plastic bag,Construction store,slavs-bay,SHOP-CHEM-SLAV,UNKNOWN,wiki_catalogue,https://drugdealersim.com/map?game=1708850&area=isla-sombra
Vendor sells,ITEM-PLASTIC-BAG,Plastic bag,Exclusive boutique,dueno-del-mar,SHOP-CLOTH-PORT,UNKNOWN,wiki_catalogue,https://drugdealersim.com/map?game=1708850&area=isla-sombra
Vendor sells,ITEM-PLASTIC-BAG,Plastic bag,Exclusive boutique,paraiso-peninsular,SHOP-CLOTH-PENI,UNKNOWN,wiki_catalogue,https://drugdealersim.com/map?game=1708850&area=isla-sombra
Vendor sells,ITEM-PLASTIC-BAG,Plastic bag,General store,archipelago,SHOP-GENE-ARCH,UNKNOWN,wiki_catalogue,https://drugdealersim.com/map?game=1708850&area=isla-sombra
Vendor sells,ITEM-PLASTIC-BAG,Plastic bag,General store,callejon,SHOP-GENE-MEX1,UNKNOWN,wiki_catalogue,https://drugdealersim.com/map?game=1708850&area=isla-sombra
Vendor sells,ITEM-PLASTIC-BAG,Plastic bag,General store,dueno-del-mar,SHOP-GENE-PORT,UNKNOWN,wiki_catalogue,https://drugdealersim.com/map?game=1708850&area=isla-sombra
Vendor sells,ITEM-PLASTIC-BAG,Plastic bag,General store,jungle,SHOP-GENE-MEX2,UNKNOWN,wiki_catalogue,https://drugdealersim.com/map?game=1708850&area=isla-sombra
Vendor sells,ITEM-PLASTIC-BAG,Plastic bag,General store,la-colina-sangrienta,SHOP-GENE-JAM,UNKNOWN,wiki_catalogue,https://drugdealersim.com/map?game=1708850&area=isla-sombra
Vendor sells,ITEM-PLASTIC-BAG,Plastic bag,General store,slavs-bay,SHOP-GENE-SLAV,UNKNOWN,wiki_catalogue,https://drugdealersim.com/map?game=1708850&area=isla-sombra
Vendor sells,ITEM-PLASTIC-BAG,Plastic bag,Hardware store,bahia-de-oro-favela,SHOP-HARD-CITY-FAV,UNKNOWN,wiki_catalogue,https://drugdealersim.com/map?game=1708850&area=isla-sombra
Vendor sells,ITEM-PLASTIC-BAG,Plastic bag,Hardware store,callejon,SHOP-CLOTH-MEX1,UNKNOWN,wiki_catalogue,https://drugdealersim.com/map?game=1708850&area=isla-sombra
Vendor sells,ITEM-PLASTIC-BAG,Plastic bag,Hardware store,jungle,SHOP-HARD-MEX2,UNKNOWN,wiki_catalogue,https://drugdealersim.com/map?game=1708850&area=isla-sombra
Vendor sells,ITEM-PLASTIC-BAG,Plastic bag,Hardware store,la-colina-sangrienta,SHOP-HARD-JAM,UNKNOWN,wiki_catalogue,https://drugdealersim.com/map?game=1708850&area=isla-sombra
Vendor sells,ITEM-PLASTIC-BAG,Plastic bag,Hardware store,volcano-island,SHOP-HARD-VOL,UNKNOWN,wiki_catalogue,https://drugdealersim.com/map?game=1708850&area=isla-sombra
Vendor sells,ITEM-PLASTIC-BAG,Plastic bag,LSD Bum,paraiso-peninsular,SHOP-DRUGS-LSD,UNKNOWN,wiki_catalogue,https://drugdealersim.com/map?game=1708850&area=isla-sombra
Vendor sells,ITEM-PLASTIC-BAG,Plastic bag,Military equipment shop,dueno-del-mar,SHOP-HARD-PORT,UNKNOWN,wiki_catalogue,https://drugdealersim.com/map?game=1708850&area=isla-sombra
Vendor sells,ITEM-PLASTIC-BAG,Plastic bag,Mini-market,archipelago,SHOP-BIG-GENE-ARCH,UNKNOWN,wiki_catalogue,https://drugdealersim.com/map?game=1708850&area=isla-sombra
Vendor sells,ITEM-PLASTIC-BAG,Plastic bag,Mini-market,dueno-del-mar,SHOP-BIG-GENE-PORT,UNKNOWN,wiki_catalogue,https://drugdealersim.com/map?game=1708850&area=isla-sombra
Vendor sells,ITEM-PLASTIC-BAG,Plastic bag,Mini-market,paraiso-peninsular,SHOP-BIG-GENE-PENI,UNKNOWN,wiki_catalogue,https://drugdealersim.com/map?game=1708850&area=isla-sombra
Vendor sells,ITEM-PLASTIC-BAG,Plastic bag,Pawn shop,bahia-de-oro-favela,SHOP-PAWN-CITY-FAV,UNKNOWN,wiki_catalogue,https://drugdealersim.com/map?game=1708850&area=isla-sombra
Vendor sells,ITEM-PLASTIC-BAG,Plastic bag,Pawn shop,callejon,SHOP-PAWN-MEX1,UNKNOWN,wiki_catalogue,https://drugdealersim.com/map?game=1708850&area=isla-sombra
Vendor sells,ITEM-PLASTIC-BAG,Plastic bag,Pawn shop,dueno-del-mar,SHOP-PAWN-PORT,UNKNOWN,wiki_catalogue,https://drugdealersim.com/map?game=1708850&area=isla-sombra
Vendor sells,ITEM-PLASTIC-BAG,Plastic bag,Pawn shop,jungle,SHOP-PAWN-MEX2,UNKNOWN,wiki_catalogue,https://drugdealersim.com/map?game=1708850&area=isla-sombra
Vendor sells,ITEM-PLASTIC-BAG,Plastic bag,Pawn shop,la-colina-sangrienta,SHOP-PAWN-JAM,UNKNOWN,wiki_catalogue,https://drugdealersim.com/map?game=1708850&area=isla-sombra
Vendor sells,ITEM-PLASTIC-BAG,Plastic bag,Pawn shop,paraiso-peninsular,SHOP-PAWN-PENI,UNKNOWN,wiki_catalogue,https://drugdealersim.com/map?game=1708850&area=isla-sombra
Vendor sells,ITEM-PLASTIC-BAG,Plastic bag,Pawn shop,slavs-bay,SHOP-PAWN-SLAV,UNKNOWN,wiki_catalogue,https://drugdealersim.com/map?game=1708850&area=isla-sombra
Vendor sells,ITEM-PLASTIC-BAG,Plastic bag,Pharmacy,dueno-del-mar,SHOP-PHARM-PORT,UNKNOWN,wiki_catalogue,https://drugdealersim.com/map?game=1708850&area=isla-sombra
Vendor sells,ITEM-PLASTIC-BAG,Plastic bag,Pharmacy,paraiso-peninsular,SHOP-PHARM-PENI,UNKNOWN,wiki_catalogue,https://drugdealersim.com/map?game=1708850&area=isla-sombra
Vendor sells,ITEM-PLASTIC-BAG,Plastic bag,Second hand store,archipelago,SHOP-CLOTH-ARCH,UNKNOWN,wiki_catalogue,https://drugdealersim.com/map?game=1708850&area=isla-sombra
Vendor sells,ITEM-PLASTIC-BAG,Plastic bag,Second hand store,slavs-bay,SHOP-CLOTH-SLAV,UNKNOWN,wiki_catalogue,https://drugdealersim.com/map?game=1708850&area=isla-sombra
Vendor sells,UNKNOWN,Plastic bag,Shop - Luciano Cruz,archipelago,UNKNOWN,UNKNOWN,wiki_catalogue,https://drugdealersim.com/map?game=1708850&area=isla-sombra
Vendor sells,ITEM-PLASTIC-BAG,Plastic bag,Small shop,dueno-del-mar,SHOP-FUN-STR,UNKNOWN,wiki_catalogue,https://drugdealersim.com/map?game=1708850&area=isla-sombra
Vendor sells,ITEM-PLASTIC-BAG,Plastic bag,Small shop,small-island,SHOP-GENE-BUNK,UNKNOWN,wiki_catalogue,https://drugdealersim.com/map?game=1708850&area=isla-sombra
Vendor sells,ITEM-PLASTIC-BAGGIES,Plastic baggies,Bakery,la-colina-sangrienta,SHOP-DRUGS-JAM,UNKNOWN,wiki_catalogue,https://drugdealersim.com/map?game=1708850&area=isla-sombra
Vendor sells,ITEM-PLASTIC-BAGGIES,Plastic baggies,Blue meth store,volcano-island,SHOP-DRUGS-BLUE-METH,UNKNOWN,wiki_catalogue,https://drugdealersim.com/map?game=1708850&area=isla-sombra
Vendor sells,ITEM-PLASTIC-BAGGIES,Plastic baggies,Construction store,slavs-bay,SHOP-CHEM-SLAV,UNKNOWN,wiki_catalogue,https://drugdealersim.com/map?game=1708850&area=isla-sombra
Vendor sells,ITEM-PLASTIC-BAGGIES,Plastic baggies,General store,archipelago,SHOP-GENE-ARCH,UNKNOWN,wiki_catalogue,https://drugdealersim.com/map?game=1708850&area=isla-sombra
Vendor sells,ITEM-PLASTIC-BAGGIES,Plastic baggies,General store,callejon,SHOP-GENE-MEX1,UNKNOWN,wiki_catalogue,https://drugdealersim.com/map?game=1708850&area=isla-sombra
Vendor sells,ITEM-PLASTIC-BAGGIES,Plastic baggies,General store,dueno-del-mar,SHOP-GENE-PORT,UNKNOWN,wiki_catalogue,https://drugdealersim.com/map?game=1708850&area=isla-sombra
Vendor sells,ITEM-PLASTIC-BAGGIES,Plastic baggies,General store,jungle,SHOP-GENE-MEX2,UNKNOWN,wiki_catalogue,https://drugdealersim.com/map?game=1708850&area=isla-sombra
Vendor sells,ITEM-PLASTIC-BAGGIES,Plastic baggies,General store,la-colina-sangrienta,SHOP-GENE-JAM,UNKNOWN,wiki_catalogue,https://drugdealersim.com/map?game=1708850&area=isla-sombra
Vendor sells,ITEM-PLASTIC-BAGGIES,Plastic baggies,General store,slavs-bay,SHOP-GENE-SLAV,UNKNOWN,wiki_catalogue,https://drugdealersim.com/map?game=1708850&area=isla-sombra
Vendor sells,ITEM-PLASTIC-BAGGIES,Plastic baggies,Hardware store,bahia-de-oro-favela,SHOP-HARD-CITY-FAV,UNKNOWN,wiki_catalogue,https://drugdealersim.com/map?game=1708850&area=isla-sombra
Vendor sells,ITEM-PLASTIC-BAGGIES,Plastic baggies,Hardware store,callejon,SHOP-CLOTH-MEX1,UNKNOWN,wiki_catalogue,https://drugdealersim.com/map?game=1708850&area=isla-sombra
Vendor sells,ITEM-PLASTIC-BAGGIES,Plastic baggies,Hardware store,jungle,SHOP-HARD-MEX2,UNKNOWN,wiki_catalogue,https://drugdealersim.com/map?game=1708850&area=isla-sombra
Vendor sells,ITEM-PLASTIC-BAGGIES,Plastic baggies,Hardware store,la-colina-sangrienta,SHOP-HARD-JAM,UNKNOWN,wiki_catalogue,https://drugdealersim.com/map?game=1708850&area=isla-sombra
Vendor sells,ITEM-PLASTIC-BAGGIES,Plastic baggies,Marcus' laboratory,archipelago,SHOP-DRUGS-AMPH,UNKNOWN,wiki_catalogue,https://drugdealersim.com/map?game=1708850&area=isla-sombra
Vendor sells,ITEM-PLASTIC-BAGGIES,Plastic baggies,Meth store,jungle,SHOP-DRUGS-METH,UNKNOWN,wiki_catalogue,https://drugdealersim.com/map?game=1708850&area=isla-sombra
Vendor sells,ITEM-PLASTIC-BAGGIES,Plastic baggies,Mini-market,archipelago,SHOP-BIG-GENE-ARCH,UNKNOWN,wiki_catalogue,https://drugdealersim.com/map?game=1708850&area=isla-sombra
Vendor sells,ITEM-PLASTIC-BAGGIES,Plastic baggies,Mini-market,dueno-del-mar,SHOP-BIG-GENE-PORT,UNKNOWN,wiki_catalogue,https://drugdealersim.com/map?game=1708850&area=isla-sombra
Vendor sells,ITEM-PLASTIC-BAGGIES,Plastic baggies,Mini-market,paraiso-peninsular,SHOP-BIG-GENE-PENI,UNKNOWN,wiki_catalogue,https://drugdealersim.com/map?game=1708850&area=isla-sombra
Vendor sells,ITEM-PLASTIC-BAGGIES,Plastic baggies,Outdoor weed store,slavs-bay,SHOP-DRUGS-SAT,UNKNOWN,wiki_catalogue,https://drugdealersim.com/map?game=1708850&area=isla-sombra
Vendor sells,ITEM-PLASTIC-BAGGIES,Plastic baggies,Small shop,dueno-del-mar,SHOP-FUN-STR,UNKNOWN,wiki_catalogue,https://drugdealersim.com/map?game=1708850&area=isla-sombra
Vendor sells,ITEM-PLASTIC-BAGGIES,Plastic baggies,Small shop,small-island,SHOP-GENE-BUNK,UNKNOWN,wiki_catalogue,https://drugdealersim.com/map?game=1708850&area=isla-sombra
Vendor sells,ITEM-PLASTIC-BAGGIES,Plastic baggies,Weed store,archipelago,SHOP-DRUGS-IND,UNKNOWN,wiki_catalogue,https://drugdealersim.com/map?game=1708850&area=isla-sombra
Vendor sells,PLANT-PLASTIC-BOX,Plastic box (for plants),Equipment and upgrade store,la-colina-sangrienta,SHOP-LABEQ-JAM,UNKNOWN,wiki_catalogue,https://drugdealersim.com/map?game=1708850&area=isla-sombra
Vendor sells,PLANT-PLASTIC-BOX,Plastic box (for plants),Equipment store,volcano-island,SHOP-LABEQ-VOL,UNKNOWN,wiki_catalogue,https://drugdealersim.com/map?game=1708850&area=isla-sombra
Vendor sells,PLANT-PLASTIC-BOX,Plastic box (for plants),Ghetto equipment store,bahia-de-oro-favela,SHOP-LABEQ-CITY-FAV,UNKNOWN,wiki_catalogue,https://drugdealersim.com/map?game=1708850&area=isla-sombra
Vendor sells,PLANT-PLASTIC-BOX,Plastic box (for plants),Ghetto equipment store,slavs-bay,SHOP-LABEQ-SLAV,UNKNOWN,wiki_catalogue,https://drugdealersim.com/map?game=1708850&area=isla-sombra
Vendor sells,EQ-DECOR-VD-PLATE-01,Plate,Furniture store,la-colina-sangrienta,SHOP-FURN-JAM,UNKNOWN,wiki_catalogue,https://drugdealersim.com/map?game=1708850&area=isla-sombra
Vendor sells,PLANT-POPPY,Poppy head (young),Bakery,la-colina-sangrienta,SHOP-DRUGS-JAM,UNKNOWN,wiki_catalogue,https://drugdealersim.com/map?game=1708850&area=isla-sombra
Vendor sells,PLANT-POPPY,Poppy head (young),Old Man,la-colina-sangrienta,SHOP-FARM-JAM,UNKNOWN,wiki_catalogue,https://drugdealersim.com/map?game=1708850&area=isla-sombra
Vendor sells,PLANT-POPPY,Poppy head (young),Poppy shop,callejon,SHOP-FARM2-MEX1,UNKNOWN,wiki_catalogue,https://drugdealersim.com/map?game=1708850&area=isla-sombra
Vendor sells,ITEM-POPPY-SEEDS-M,Poppy seed pack,Bakery,la-colina-sangrienta,SHOP-DRUGS-JAM,UNKNOWN,wiki_catalogue,https://drugdealersim.com/map?game=1708850&area=isla-sombra
Vendor sells,ITEM-POPPY-SEEDS-S,Poppy seed pack,General store,jungle,SHOP-GENE-MEX2,UNKNOWN,wiki_catalogue,https://drugdealersim.com/map?game=1708850&area=isla-sombra
Vendor sells,ITEM-POPPY-SEEDS-S,Poppy seed pack,General store,la-colina-sangrienta,SHOP-GENE-JAM,UNKNOWN,wiki_catalogue,https://drugdealersim.com/map?game=1708850&area=isla-sombra
Vendor sells,ITEM-POPPY-SEEDS-S,Poppy seed pack,Mini-market,archipelago,SHOP-BIG-GENE-ARCH,UNKNOWN,wiki_catalogue,https://drugdealersim.com/map?game=1708850&area=isla-sombra
Vendor sells,ITEM-POPPY-SEEDS-S,Poppy seed pack,Mini-market,dueno-del-mar,SHOP-BIG-GENE-PORT,UNKNOWN,wiki_catalogue,https://drugdealersim.com/map?game=1708850&area=isla-sombra
Vendor sells,ITEM-POPPY-SEEDS-S,Poppy seed pack,Mini-market,paraiso-peninsular,SHOP-BIG-GENE-PENI,UNKNOWN,wiki_catalogue,https://drugdealersim.com/map?game=1708850&area=isla-sombra
Vendor sells,ITEM-POPPY-SEEDS-S,Poppy seed pack,Poppy shop,callejon,SHOP-FARM2-MEX1,UNKNOWN,wiki_catalogue,https://drugdealersim.com/map?game=1708850&area=isla-sombra
Vendor sells,ITEM-POPPY-SEEDS-M,Poppy seed pack,Poppy shop,callejon,SHOP-FARM2-MEX1,UNKNOWN,wiki_catalogue,https://drugdealersim.com/map?game=1708850&area=isla-sombra
Vendor sells,CHEM-KOH,Potassium hydroxide (KOH),Blue meth store,volcano-island,SHOP-DRUGS-BLUE-METH,UNKNOWN,wiki_catalogue,https://drugdealersim.com/map?game=1708850&area=isla-sombra
Vendor sells,CHEM-KOH,Potassium hydroxide (KOH),Construction store,slavs-bay,SHOP-CHEM-SLAV,UNKNOWN,wiki_catalogue,https://drugdealersim.com/map?game=1708850&area=isla-sombra
Vendor sells,CHEM-KOH,Potassium hydroxide (KOH),LSD Bum,paraiso-peninsular,SHOP-DRUGS-LSD,UNKNOWN,wiki_catalogue,https://drugdealersim.com/map?game=1708850&area=isla-sombra
Vendor sells,EQ-PLANT-BAS-01,Potted plant,Furniture store,archipelago,SHOP-FURN-ARCH,UNKNOWN,wiki_catalogue,https://drugdealersim.com/map?game=1708850&area=isla-sombra
Vendor sells,EQ-PLANT-MOD-01,Potted plant,Furniture store,archipelago,SHOP-FURN-ARCH,UNKNOWN,wiki_catalogue,https://drugdealersim.com/map?game=1708850&area=isla-sombra
Vendor sells,EQ-PLANT-BAS-01,Potted plant,Furniture store,dueno-del-mar,SHOP-FURN-PORT,UNKNOWN,wiki_catalogue,https://drugdealersim.com/map?game=1708850&area=isla-sombra
Vendor sells,EQ-PLANT-BAS-02,Potted plant,Furniture store,dueno-del-mar,SHOP-FURN-PORT,UNKNOWN,wiki_catalogue,https://drugdealersim.com/map?game=1708850&area=isla-sombra
Vendor sells,EQ-PLANT-BAS-03,Potted plant,Furniture store,dueno-del-mar,SHOP-FURN-PORT,UNKNOWN,wiki_catalogue,https://drugdealersim.com/map?game=1708850&area=isla-sombra
Vendor sells,EQ-PLANT-MOD-01,Potted plant,Furniture store,dueno-del-mar,SHOP-FURN-PORT,UNKNOWN,wiki_catalogue,https://drugdealersim.com/map?game=1708850&area=isla-sombra
Vendor sells,EQ-PLANT-MOD-02,Potted plant,Furniture store,dueno-del-mar,SHOP-FURN-PORT,UNKNOWN,wiki_catalogue,https://drugdealersim.com/map?game=1708850&area=isla-sombra
Vendor sells,EQ-PLANT-MOD-03,Potted plant,Furniture store,dueno-del-mar,SHOP-FURN-PORT,UNKNOWN,wiki_catalogue,https://drugdealersim.com/map?game=1708850&area=isla-sombra
Vendor sells,EQ-PLANT-BAS-01,Potted plant,Furniture store,la-colina-sangrienta,SHOP-FURN-JAM,UNKNOWN,wiki_catalogue,https://drugdealersim.com/map?game=1708850&area=isla-sombra
Vendor sells,EQ-PLANT-BAS-02,Potted plant,Furniture store,la-colina-sangrienta,SHOP-FURN-JAM,UNKNOWN,wiki_catalogue,https://drugdealersim.com/map?game=1708850&area=isla-sombra
Vendor sells,EQ-PLANT-BAS-03,Potted plant,Furniture store,la-colina-sangrienta,SHOP-FURN-JAM,UNKNOWN,wiki_catalogue,https://drugdealersim.com/map?game=1708850&area=isla-sombra
Vendor sells,EQ-PLANT-BAS-04,Potted plant,Furniture store,la-colina-sangrienta,SHOP-FURN-JAM,UNKNOWN,wiki_catalogue,https://drugdealersim.com/map?game=1708850&area=isla-sombra
Vendor sells,EQ-PLANT-VD-01,Potted plant,Furniture store,la-colina-sangrienta,SHOP-FURN-JAM,UNKNOWN,wiki_catalogue,https://drugdealersim.com/map?game=1708850&area=isla-sombra
Vendor sells,EQ-PLANT-BAS-01,Potted plant,Furniture store,paraiso-peninsular,SHOP-FURN-PENI,UNKNOWN,wiki_catalogue,https://drugdealersim.com/map?game=1708850&area=isla-sombra
Vendor sells,EQ-PLANT-BAS-02,Potted plant,Furniture store,paraiso-peninsular,SHOP-FURN-PENI,UNKNOWN,wiki_catalogue,https://drugdealersim.com/map?game=1708850&area=isla-sombra
Vendor sells,EQ-PLANT-BAS-03,Potted plant,Furniture store,paraiso-peninsular,SHOP-FURN-PENI,UNKNOWN,wiki_catalogue,https://drugdealersim.com/map?game=1708850&area=isla-sombra
Vendor sells,EQ-PLANT-MOD-01,Potted plant,Furniture store,paraiso-peninsular,SHOP-FURN-PENI,UNKNOWN,wiki_catalogue,https://drugdealersim.com/map?game=1708850&area=isla-sombra
Vendor sells,EQ-PLANT-MOD-02,Potted plant,Furniture store,paraiso-peninsular,SHOP-FURN-PENI,UNKNOWN,wiki_catalogue,https://drugdealersim.com/map?game=1708850&area=isla-sombra
Vendor sells,EQ-PLANT-MOD-03,Potted plant,Furniture store,paraiso-peninsular,SHOP-FURN-PENI,UNKNOWN,wiki_catalogue,https://drugdealersim.com/map?game=1708850&area=isla-sombra
Vendor sells,EQ-PLANT-BAS-01,Potted plant,Furniture store,slavs-bay,SHOP-FURN-SLAV,UNKNOWN,wiki_catalogue,https://drugdealersim.com/map?game=1708850&area=isla-sombra
Vendor sells,EQ-PLANT-BAS-02,Potted plant,Furniture store,slavs-bay,SHOP-FURN-SLAV,UNKNOWN,wiki_catalogue,https://drugdealersim.com/map?game=1708850&area=isla-sombra
Vendor sells,EQ-PLANT-BAS-03,Potted plant,Furniture store,slavs-bay,SHOP-FURN-SLAV,UNKNOWN,wiki_catalogue,https://drugdealersim.com/map?game=1708850&area=isla-sombra
Vendor sells,EQ-PLANT-BAS-04,Potted plant,Furniture store,slavs-bay,SHOP-FURN-SLAV,UNKNOWN,wiki_catalogue,https://drugdealersim.com/map?game=1708850&area=isla-sombra
Vendor sells,EQ-POUF-VINT-01,Pouf,Furniture store,dueno-del-mar,SHOP-FURN-PORT,UNKNOWN,wiki_catalogue,https://drugdealersim.com/map?game=1708850&area=isla-sombra
Vendor sells,EQ-POUF-VINT-02,Pouf,Furniture store,dueno-del-mar,SHOP-FURN-PORT,UNKNOWN,wiki_catalogue,https://drugdealersim.com/map?game=1708850&area=isla-sombra
Vendor sells,PLANT-SHROOMS,Psilocybin mushrooms (dirty),Old Man,la-colina-sangrienta,SHOP-FARM-JAM,UNKNOWN,wiki_catalogue,https://drugdealersim.com/map?game=1708850&area=isla-sombra
Vendor sells,PLANT-POT,Rack (for plants),Equipment and upgrade store,la-colina-sangrienta,SHOP-LABEQ-JAM,UNKNOWN,wiki_catalogue,https://drugdealersim.com/map?game=1708850&area=isla-sombra
Vendor sells,PLANT-POT,Rack (for plants),Equipment store,archipelago,SHOP-LABEQ-ARCH,UNKNOWN,wiki_catalogue,https://drugdealersim.com/map?game=1708850&area=isla-sombra
Vendor sells,PLANT-POT,Rack (for plants),Ghetto equipment store,bahia-de-oro-favela,SHOP-LABEQ-CITY-FAV,UNKNOWN,wiki_catalogue,https://drugdealersim.com/map?game=1708850&area=isla-sombra
Vendor sells,PLANT-POT,Rack (for plants),Ghetto equipment store,slavs-bay,SHOP-LABEQ-SLAV,UNKNOWN,wiki_catalogue,https://drugdealersim.com/map?game=1708850&area=isla-sombra
Vendor sells,EQ-HIDEOUT-RADIO,Radio,Furniture store,dueno-del-mar,SHOP-FURN-PORT,UNKNOWN,wiki_catalogue,https://drugdealersim.com/map?game=1708850&area=isla-sombra
Vendor sells,EQ-HIDEOUT-RADIO,Radio,Furniture store,la-colina-sangrienta,SHOP-FURN-JAM,UNKNOWN,wiki_catalogue,https://drugdealersim.com/map?game=1708850&area=isla-sombra
Vendor sells,EQ-HIDEOUT-RADIO,Radio,Furniture store,paraiso-peninsular,SHOP-FURN-PENI,UNKNOWN,wiki_catalogue,https://drugdealersim.com/map?game=1708850&area=isla-sombra
Vendor sells,EQ-HIDEOUT-RADIO,Radio,Furniture store,slavs-bay,SHOP-FURN-SLAV,UNKNOWN,wiki_catalogue,https://drugdealersim.com/map?game=1708850&area=isla-sombra
Vendor sells,EQ-RECORD-PLAYER-VINT,Record player,Furniture store,dueno-del-mar,SHOP-FURN-PORT,UNKNOWN,wiki_catalogue,https://drugdealersim.com/map?game=1708850&area=isla-sombra
Vendor sells,EQ-HIDEOUT-RADIO-RETRO,Retro radio,Furniture store,archipelago,SHOP-FURN-ARCH,UNKNOWN,wiki_catalogue,https://drugdealersim.com/map?game=1708850&area=isla-sombra
Vendor sells,EQ-HIDEOUT-RADIO-RETRO,Retro radio,Furniture store,dueno-del-mar,SHOP-FURN-PORT,UNKNOWN,wiki_catalogue,https://drugdealersim.com/map?game=1708850&area=isla-sombra
Vendor sells,EQ-HIDEOUT-RADIO-RETRO,Retro radio,Furniture store,la-colina-sangrienta,SHOP-FURN-JAM,UNKNOWN,wiki_catalogue,https://drugdealersim.com/map?game=1708850&area=isla-sombra
Vendor sells,EQ-HIDEOUT-RADIO-RETRO,Retro radio,Furniture store,paraiso-peninsular,SHOP-FURN-PENI,UNKNOWN,wiki_catalogue,https://drugdealersim.com/map?game=1708850&area=isla-sombra
Vendor sells,EQ-HIDEOUT-RADIO-RETRO,Retro radio,Furniture store,slavs-bay,SHOP-FURN-SLAV,UNKNOWN,wiki_catalogue,https://drugdealersim.com/map?game=1708850&area=isla-sombra
Vendor sells,KEY-VEH-RIB1,Rib motorboat,Fuel depot,archipelago,SHOP-GAS-MEX1,UNKNOWN,wiki_catalogue,https://drugdealersim.com/map?game=1708850&area=isla-sombra
Vendor sells,KEY-VEH-RIB,Rib motorboat,Fuel depot,archipelago,SHOP-GAS-ARCH,UNKNOWN,wiki_catalogue,https://drugdealersim.com/map?game=1708850&area=isla-sombra
Vendor sells,KEY-VEH-RIB2,Rib motorboat de Luxe,Fuel depot,archipelago,SHOP-GAS-MEX1,UNKNOWN,wiki_catalogue,https://drugdealersim.com/map?game=1708850&area=isla-sombra
Vendor sells,UNKNOWN,Rolling Paper,Shop - Luciano Cruz,archipelago,UNKNOWN,UNKNOWN,wiki_catalogue,https://drugdealersim.com/map?game=1708850&area=isla-sombra
Vendor sells,ITEM-ROLLING-PAPERS,Rolling papers,General store,archipelago,SHOP-GENE-ARCH,UNKNOWN,wiki_catalogue,https://drugdealersim.com/map?game=1708850&area=isla-sombra
Vendor sells,ITEM-ROLLING-PAPERS,Rolling papers,General store,callejon,SHOP-GENE-MEX1,UNKNOWN,wiki_catalogue,https://drugdealersim.com/map?game=1708850&area=isla-sombra
Vendor sells,ITEM-ROLLING-PAPERS,Rolling papers,General store,dueno-del-mar,SHOP-GENE-PORT,UNKNOWN,wiki_catalogue,https://drugdealersim.com/map?game=1708850&area=isla-sombra
Vendor sells,ITEM-ROLLING-PAPERS,Rolling papers,General store,jungle,SHOP-GENE-MEX2,UNKNOWN,wiki_catalogue,https://drugdealersim.com/map?game=1708850&area=isla-sombra
Vendor sells,ITEM-ROLLING-PAPERS,Rolling papers,General store,la-colina-sangrienta,SHOP-GENE-JAM,UNKNOWN,wiki_catalogue,https://drugdealersim.com/map?game=1708850&area=isla-sombra
Vendor sells,ITEM-ROLLING-PAPERS,Rolling papers,General store,slavs-bay,SHOP-GENE-SLAV,UNKNOWN,wiki_catalogue,https://drugdealersim.com/map?game=1708850&area=isla-sombra
Vendor sells,ITEM-ROLLING-PAPERS,Rolling papers,Hardware store,jungle,SHOP-HARD-MEX2,UNKNOWN,wiki_catalogue,https://drugdealersim.com/map?game=1708850&area=isla-sombra
Vendor sells,ITEM-ROLLING-PAPERS,Rolling papers,Mini-market,archipelago,SHOP-BIG-GENE-ARCH,UNKNOWN,wiki_catalogue,https://drugdealersim.com/map?game=1708850&area=isla-sombra
Vendor sells,ITEM-ROLLING-PAPERS,Rolling papers,Mini-market,dueno-del-mar,SHOP-BIG-GENE-PORT,UNKNOWN,wiki_catalogue,https://drugdealersim.com/map?game=1708850&area=isla-sombra
Vendor sells,ITEM-ROLLING-PAPERS,Rolling papers,Mini-market,paraiso-peninsular,SHOP-BIG-GENE-PENI,UNKNOWN,wiki_catalogue,https://drugdealersim.com/map?game=1708850&area=isla-sombra
Vendor sells,ITEM-ROLLING-PAPERS,Rolling papers,Outdoor weed store,slavs-bay,SHOP-DRUGS-SAT,UNKNOWN,wiki_catalogue,https://drugdealersim.com/map?game=1708850&area=isla-sombra
Vendor sells,ITEM-ROLLING-PAPERS,Rolling papers,Weed store,archipelago,SHOP-DRUGS-IND,UNKNOWN,wiki_catalogue,https://drugdealersim.com/map?game=1708850&area=isla-sombra
Vendor sells,EQ-SAFE-MEDIUM,Safe,Equipment and upgrade store,la-colina-sangrienta,SHOP-LABEQ-JAM,UNKNOWN,wiki_catalogue,https://drugdealersim.com/map?game=1708850&area=isla-sombra
Vendor sells,EQ-SAFE-MEDIUM,Safe,Furniture store,archipelago,SHOP-FURN-ARCH,UNKNOWN,wiki_catalogue,https://drugdealersim.com/map?game=1708850&area=isla-sombra
Vendor sells,EQ-SAFE-MEDIUM,Safe,Furniture store,dueno-del-mar,SHOP-FURN-PORT,UNKNOWN,wiki_catalogue,https://drugdealersim.com/map?game=1708850&area=isla-sombra
Vendor sells,EQ-SAFE-MEDIUM,Safe,Furniture store,la-colina-sangrienta,SHOP-FURN-JAM,UNKNOWN,wiki_catalogue,https://drugdealersim.com/map?game=1708850&area=isla-sombra
Vendor sells,EQ-SAFE-MEDIUM,Safe,Furniture store,paraiso-peninsular,SHOP-FURN-PENI,UNKNOWN,wiki_catalogue,https://drugdealersim.com/map?game=1708850&area=isla-sombra
Vendor sells,EQ-SAFE-MEDIUM,Safe,Furniture store,slavs-bay,SHOP-FURN-SLAV,UNKNOWN,wiki_catalogue,https://drugdealersim.com/map?game=1708850&area=isla-sombra
Vendor sells,PLANT-SAT-SEED,Sativa seed,Outdoor weed store,slavs-bay,SHOP-DRUGS-SAT,UNKNOWN,wiki_catalogue,https://drugdealersim.com/map?game=1708850&area=isla-sombra
Vendor sells,FOOD-SAUSAGE,Sausage,Barbeque spot,la-colina-sangrienta,SHOP-FUN-JAM,UNKNOWN,wiki_catalogue,https://drugdealersim.com/map?game=1708850&area=isla-sombra
Vendor sells,FOOD-SAUSAGE,Sausage,Beer stand,paraiso-peninsular,SHOP-FUN2-PENI,UNKNOWN,wiki_catalogue,https://drugdealersim.com/map?game=1708850&area=isla-sombra
Vendor sells,FOOD-SAUSAGE,Sausage,General store,archipelago,SHOP-GENE-ARCH,UNKNOWN,wiki_catalogue,https://drugdealersim.com/map?game=1708850&area=isla-sombra
Vendor sells,UNKNOWN,Sausage,Shop - Luciano Cruz,archipelago,UNKNOWN,UNKNOWN,wiki_catalogue,https://drugdealersim.com/map?game=1708850&area=isla-sombra
Vendor sells,FOOD-SAUSAGE,Sausage,Small shop,dueno-del-mar,SHOP-FUN-STR,UNKNOWN,wiki_catalogue,https://drugdealersim.com/map?game=1708850&area=isla-sombra
Vendor sells,FOOD-SAUSAGE,Sausage,Small shop,small-island,SHOP-GENE-BUNK,UNKNOWN,wiki_catalogue,https://drugdealersim.com/map?game=1708850&area=isla-sombra
Vendor sells,PLANT-BOX,Seedling box,Equipment and upgrade store,la-colina-sangrienta,SHOP-LABEQ-JAM,UNKNOWN,wiki_catalogue,https://drugdealersim.com/map?game=1708850&area=isla-sombra
Vendor sells,PLANT-BOX,Seedling box,Equipment store,archipelago,SHOP-LABEQ-ARCH,UNKNOWN,wiki_catalogue,https://drugdealersim.com/map?game=1708850&area=isla-sombra
Vendor sells,PLANT-BOX,Seedling box,Ghetto equipment store,bahia-de-oro-favela,SHOP-LABEQ-CITY-FAV,UNKNOWN,wiki_catalogue,https://drugdealersim.com/map?game=1708850&area=isla-sombra
Vendor sells,PLANT-BOX,Seedling box,Ghetto equipment store,slavs-bay,SHOP-LABEQ-SLAV,UNKNOWN,wiki_catalogue,https://drugdealersim.com/map?game=1708850&area=isla-sombra
Vendor sells,EQ-SHELF-BAS,Shelf,Furniture store,archipelago,SHOP-FURN-ARCH,UNKNOWN,wiki_catalogue,https://drugdealersim.com/map?game=1708850&area=isla-sombra
Vendor sells,EQ-SHELF-BAS,Shelf,Furniture store,dueno-del-mar,SHOP-FURN-PORT,UNKNOWN,wiki_catalogue,https://drugdealersim.com/map?game=1708850&area=isla-sombra
Vendor sells,EQ-SHELF-MOD,Shelf,Furniture store,dueno-del-mar,SHOP-FURN-PORT,UNKNOWN,wiki_catalogue,https://drugdealersim.com/map?game=1708850&area=isla-sombra
Vendor sells,EQ-SHELF-BAS,Shelf,Furniture store,la-colina-sangrienta,SHOP-FURN-JAM,UNKNOWN,wiki_catalogue,https://drugdealersim.com/map?game=1708850&area=isla-sombra
Vendor sells,EQ-SHELF-BAS,Shelf,Furniture store,paraiso-peninsular,SHOP-FURN-PENI,UNKNOWN,wiki_catalogue,https://drugdealersim.com/map?game=1708850&area=isla-sombra
Vendor sells,EQ-SHELF-MOD,Shelf,Furniture store,paraiso-peninsular,SHOP-FURN-PENI,UNKNOWN,wiki_catalogue,https://drugdealersim.com/map?game=1708850&area=isla-sombra
Vendor sells,EQ-SHELF-BAS,Shelf,Furniture store,slavs-bay,SHOP-FURN-SLAV,UNKNOWN,wiki_catalogue,https://drugdealersim.com/map?game=1708850&area=isla-sombra
Vendor buys,TOOL-WEP-SHOVEL,Shovel,Tom the Tech,UNKNOWN,buyer:tom-the-tech,800,observed_in_game,"User-supplied in-game SELL screenshot, 2026-10-08"
Vendor sells,TOOL-WEP-SHOVEL,Shovel,Grain shop,callejon,SHOP-FARM-MEX1,UNKNOWN,wiki_catalogue,https://drugdealersim.com/map?game=1708850&area=isla-sombra
Vendor sells,TOOL-WEP-SHOVEL,Shovel,Hardware store,bahia-de-oro-favela,SHOP-HARD-CITY-FAV,UNKNOWN,wiki_catalogue,https://drugdealersim.com/map?game=1708850&area=isla-sombra
Vendor sells,TOOL-WEP-SHOVEL,Shovel,Hardware store,callejon,SHOP-CLOTH-MEX1,UNKNOWN,wiki_catalogue,https://drugdealersim.com/map?game=1708850&area=isla-sombra
Vendor sells,TOOL-WEP-SHOVEL,Shovel,Hardware store,jungle,SHOP-HARD-MEX2,UNKNOWN,wiki_catalogue,https://drugdealersim.com/map?game=1708850&area=isla-sombra
Vendor sells,TOOL-WEP-SHOVEL,Shovel,Hardware store,la-colina-sangrienta,SHOP-HARD-JAM,UNKNOWN,wiki_catalogue,https://drugdealersim.com/map?game=1708850&area=isla-sombra
Vendor sells,TOOL-WEP-SHOVEL,Shovel,Hardware store,volcano-island,SHOP-HARD-VOL,UNKNOWN,wiki_catalogue,https://drugdealersim.com/map?game=1708850&area=isla-sombra
Vendor sells,TOOL-WEP-SHOVEL,Shovel,Military equipment shop,dueno-del-mar,SHOP-HARD-PORT,UNKNOWN,wiki_catalogue,https://drugdealersim.com/map?game=1708850&area=isla-sombra
Vendor sells,TOOL-WEP-SHOVEL,Shovel,Poppy shop,callejon,SHOP-FARM2-MEX1,UNKNOWN,wiki_catalogue,https://drugdealersim.com/map?game=1708850&area=isla-sombra
Vendor sells,KEY-VEH-BOAT,Simple motorboat,Fuel depot,archipelago,SHOP-GAS-ARCH,UNKNOWN,wiki_catalogue,https://drugdealersim.com/map?game=1708850&area=isla-sombra
Vendor sells,EQ-DECOR-VD-SKULL-01,Skull,Furniture store,la-colina-sangrienta,SHOP-FURN-JAM,UNKNOWN,wiki_catalogue,https://drugdealersim.com/map?game=1708850&area=isla-sombra
Vendor sells,CLOTH-FLATS,Slippers,Second hand store,archipelago,SHOP-CLOTH-ARCH,UNKNOWN,wiki_catalogue,https://drugdealersim.com/map?game=1708850&area=isla-sombra
Vendor sells,CLOTH-FLATS,Slippers,Second hand store,slavs-bay,SHOP-CLOTH-SLAV,UNKNOWN,wiki_catalogue,https://drugdealersim.com/map?game=1708850&area=isla-sombra
Vendor sells,CLOTH-BACKPACK-S,Small backpack,Exclusive boutique,dueno-del-mar,SHOP-CLOTH-PORT,UNKNOWN,wiki_catalogue,https://drugdealersim.com/map?game=1708850&area=isla-sombra
Vendor sells,CLOTH-BACKPACK-S,Small backpack,General store,archipelago,SHOP-GENE-ARCH,UNKNOWN,wiki_catalogue,https://drugdealersim.com/map?game=1708850&area=isla-sombra
Vendor sells,CLOTH-BACKPACK-S,Small backpack,General store,dueno-del-mar,SHOP-GENE-PORT,UNKNOWN,wiki_catalogue,https://drugdealersim.com/map?game=1708850&area=isla-sombra
Vendor sells,CLOTH-BACKPACK-S,Small backpack,General store,slavs-bay,SHOP-GENE-SLAV,UNKNOWN,wiki_catalogue,https://drugdealersim.com/map?game=1708850&area=isla-sombra
Vendor sells,CLOTH-BACKPACK-S,Small backpack,Hardware store,callejon,SHOP-CLOTH-MEX1,UNKNOWN,wiki_catalogue,https://drugdealersim.com/map?game=1708850&area=isla-sombra
Vendor sells,CLOTH-BACKPACK-S,Small backpack,Military equipment shop,dueno-del-mar,SHOP-HARD-PORT,UNKNOWN,wiki_catalogue,https://drugdealersim.com/map?game=1708850&area=isla-sombra
Vendor sells,CLOTH-BACKPACK-S,Small backpack,Mini-market,archipelago,SHOP-BIG-GENE-ARCH,UNKNOWN,wiki_catalogue,https://drugdealersim.com/map?game=1708850&area=isla-sombra
Vendor sells,CLOTH-BACKPACK-S,Small backpack,Mini-market,dueno-del-mar,SHOP-BIG-GENE-PORT,UNKNOWN,wiki_catalogue,https://drugdealersim.com/map?game=1708850&area=isla-sombra
Vendor sells,CLOTH-BACKPACK-S,Small backpack,Mini-market,paraiso-peninsular,SHOP-BIG-GENE-PENI,UNKNOWN,wiki_catalogue,https://drugdealersim.com/map?game=1708850&area=isla-sombra
Vendor sells,CLOTH-BACKPACK-S,Small backpack,Second hand store,archipelago,SHOP-CLOTH-ARCH,UNKNOWN,wiki_catalogue,https://drugdealersim.com/map?game=1708850&area=isla-sombra
Vendor sells,CLOTH-BACKPACK-S,Small backpack,Second hand store,archipelago,SHOP-CLOTH-ARCH,UNKNOWN,wiki_catalogue,https://drugdealersim.com/map?game=1708850&area=isla-sombra
Vendor sells,CLOTH-BACKPACK-S,Small backpack,Second hand store,slavs-bay,SHOP-CLOTH-SLAV,UNKNOWN,wiki_catalogue,https://drugdealersim.com/map?game=1708850&area=isla-sombra
Vendor sells,UNKNOWN,Small Backpack,Shop - Luciano Cruz,archipelago,UNKNOWN,UNKNOWN,wiki_catalogue,https://drugdealersim.com/map?game=1708850&area=isla-sombra
Vendor sells,EQ-SUB-CONTAINER-BARREL-SMALL,Small barrel,Engineer,volcano-island,SHOP-SUBEQ-VOL,UNKNOWN,wiki_catalogue,https://drugdealersim.com/map?game=1708850&area=isla-sombra
Vendor sells,EQ-SUB-CONTAINER-BARREL-SMALL,Small barrel,Engineer,volcano-island,SHOP-SUBEQ-VOL,UNKNOWN,wiki_catalogue,https://drugdealersim.com/map?game=1708850&area=isla-sombra
Vendor sells,EQ-SUB-CONTAINER-BARREL-SMALL,Small barrel,Equipment and upgrade store,la-colina-sangrienta,SHOP-LABEQ-JAM,UNKNOWN,wiki_catalogue,https://drugdealersim.com/map?game=1708850&area=isla-sombra
Vendor sells,EQ-SUB-CONTAINER-BARREL-SMALL,Small barrel,Equipment store,dueno-del-mar,SHOP-LABEQ-PORT,UNKNOWN,wiki_catalogue,https://drugdealersim.com/map?game=1708850&area=isla-sombra
Vendor sells,EQ-SUB-CONTAINER-BARREL-SMALL,Small barrel,Equipment store,volcano-island,SHOP-LABEQ-VOL,UNKNOWN,wiki_catalogue,https://drugdealersim.com/map?game=1708850&area=isla-sombra
Vendor sells,EQ-SUB-CONTAINER-BARREL-SMALL,Small barrel,Ghetto equipment store,bahia-de-oro-favela,SHOP-LABEQ-CITY-FAV,UNKNOWN,wiki_catalogue,https://drugdealersim.com/map?game=1708850&area=isla-sombra
Vendor sells,EQ-SUB-CONTAINER-BARREL-SMALL,Small barrel,Ghetto equipment store,slavs-bay,SHOP-LABEQ-SLAV,UNKNOWN,wiki_catalogue,https://drugdealersim.com/map?game=1708850&area=isla-sombra
Vendor sells,EQ-SUB-CONTAINER-SMALL,Small container,Engineer,volcano-island,SHOP-SUBEQ-VOL,UNKNOWN,wiki_catalogue,https://drugdealersim.com/map?game=1708850&area=isla-sombra
Vendor sells,EQ-SUB-CONTAINER-SMALL,Small container,Engineer,volcano-island,SHOP-SUBEQ-VOL,UNKNOWN,wiki_catalogue,https://drugdealersim.com/map?game=1708850&area=isla-sombra
Vendor sells,EQ-SUB-CONTAINER-SMALL,Small container,Equipment and upgrade store,la-colina-sangrienta,SHOP-LABEQ-JAM,UNKNOWN,wiki_catalogue,https://drugdealersim.com/map?game=1708850&area=isla-sombra
Vendor sells,EQ-SUB-CONTAINER-SMALL,Small container,Equipment store,archipelago,SHOP-LABEQ-ARCH,UNKNOWN,wiki_catalogue,https://drugdealersim.com/map?game=1708850&area=isla-sombra
Vendor sells,EQ-SUB-CONTAINER-SMALL,Small container,Ghetto equipment store,bahia-de-oro-favela,SHOP-LABEQ-CITY-FAV,UNKNOWN,wiki_catalogue,https://drugdealersim.com/map?game=1708850&area=isla-sombra
Vendor sells,EQ-SUB-CONTAINER-SMALL,Small container,Ghetto equipment store,slavs-bay,SHOP-LABEQ-SLAV,UNKNOWN,wiki_catalogue,https://drugdealersim.com/map?game=1708850&area=isla-sombra
Vendor sells,EQ-DRESSER-VINT-02,Small dresser,Furniture store,dueno-del-mar,SHOP-FURN-PORT,UNKNOWN,wiki_catalogue,https://drugdealersim.com/map?game=1708850&area=isla-sombra
Vendor buys,ITEM-BOTTLE-S,Small empty bottle,Alejandro Flores,UNKNOWN,buyer:alejandro-flores,UNKNOWN,user_report,"User-reported empty bottle acceptance, 2026-10-08"
Vendor buys,ITEM-GLASS-BOTTLE-S,Small empty glass bottle,Alejandro Flores,UNKNOWN,buyer:alejandro-flores,UNKNOWN,user_report,"User-reported empty bottle acceptance, 2026-10-08"
Vendor sells,LABEQ-FERM-VAT,Small fermentation vat,Equipment and upgrade store,la-colina-sangrienta,SHOP-LABEQ-JAM,UNKNOWN,wiki_catalogue,https://drugdealersim.com/map?game=1708850&area=isla-sombra
Vendor sells,LABEQ-FERM-VAT,Small fermentation vat,Equipment store,archipelago,SHOP-LABEQ-ARCH,UNKNOWN,wiki_catalogue,https://drugdealersim.com/map?game=1708850&area=isla-sombra
Vendor sells,LABEQ-FERM-VAT,Small fermentation vat,Ghetto equipment store,bahia-de-oro-favela,SHOP-LABEQ-CITY-FAV,UNKNOWN,wiki_catalogue,https://drugdealersim.com/map?game=1708850&area=isla-sombra
Vendor sells,LABEQ-FERM-VAT,Small fermentation vat,Ghetto equipment store,slavs-bay,SHOP-LABEQ-SLAV,UNKNOWN,wiki_catalogue,https://drugdealersim.com/map?game=1708850&area=isla-sombra
Vendor sells,TOOL-FLASHLIGHT,Small flashlight,Boat Seller,dueno-del-mar,SHOP-BOAT-PORT,UNKNOWN,wiki_catalogue,https://drugdealersim.com/map?game=1708850&area=isla-sombra
Vendor sells,TOOL-FLASHLIGHT,Small flashlight,Bogdan the Mechanic,slavs-bay,SHOP-MECH-SLAV,UNKNOWN,wiki_catalogue,https://drugdealersim.com/map?game=1708850&area=isla-sombra
Vendor sells,TOOL-FLASHLIGHT,Small flashlight,Construction store,slavs-bay,SHOP-CHEM-SLAV,UNKNOWN,wiki_catalogue,https://drugdealersim.com/map?game=1708850&area=isla-sombra
Vendor sells,TOOL-FLASHLIGHT,Small flashlight,Fuel depot,archipelago,SHOP-GAS-MEX1,UNKNOWN,wiki_catalogue,https://drugdealersim.com/map?game=1708850&area=isla-sombra
Vendor sells,TOOL-FLASHLIGHT,Small flashlight,Fuel depot,archipelago,SHOP-GAS-ARCH,UNKNOWN,wiki_catalogue,https://drugdealersim.com/map?game=1708850&area=isla-sombra
Vendor sells,TOOL-FLASHLIGHT,Small flashlight,Fuel depot,dueno-del-mar,SHOP-GAS-PORT,UNKNOWN,wiki_catalogue,https://drugdealersim.com/map?game=1708850&area=isla-sombra
Vendor sells,TOOL-FLASHLIGHT,Small flashlight,Fuel depot,slavs-bay,SHOP-GAS-SLAV,UNKNOWN,wiki_catalogue,https://drugdealersim.com/map?game=1708850&area=isla-sombra
Vendor sells,TOOL-FLASHLIGHT,Small flashlight,General store,archipelago,SHOP-GENE-ARCH,UNKNOWN,wiki_catalogue,https://drugdealersim.com/map?game=1708850&area=isla-sombra
Vendor sells,TOOL-FLASHLIGHT,Small flashlight,General store,callejon,SHOP-GENE-MEX1,UNKNOWN,wiki_catalogue,https://drugdealersim.com/map?game=1708850&area=isla-sombra
Vendor sells,TOOL-FLASHLIGHT,Small flashlight,General store,dueno-del-mar,SHOP-GENE-PORT,UNKNOWN,wiki_catalogue,https://drugdealersim.com/map?game=1708850&area=isla-sombra
Vendor sells,TOOL-FLASHLIGHT,Small flashlight,General store,jungle,SHOP-GENE-MEX2,UNKNOWN,wiki_catalogue,https://drugdealersim.com/map?game=1708850&area=isla-sombra
Vendor sells,TOOL-FLASHLIGHT,Small flashlight,General store,la-colina-sangrienta,SHOP-GENE-JAM,UNKNOWN,wiki_catalogue,https://drugdealersim.com/map?game=1708850&area=isla-sombra
Vendor sells,TOOL-FLASHLIGHT,Small flashlight,General store,slavs-bay,SHOP-GENE-SLAV,UNKNOWN,wiki_catalogue,https://drugdealersim.com/map?game=1708850&area=isla-sombra
Vendor sells,TOOL-FLASHLIGHT,Small flashlight,Hardware store,bahia-de-oro-favela,SHOP-HARD-CITY-FAV,UNKNOWN,wiki_catalogue,https://drugdealersim.com/map?game=1708850&area=isla-sombra
Vendor sells,TOOL-FLASHLIGHT,Small flashlight,Hardware store,callejon,SHOP-CLOTH-MEX1,UNKNOWN,wiki_catalogue,https://drugdealersim.com/map?game=1708850&area=isla-sombra
Vendor sells,TOOL-FLASHLIGHT,Small flashlight,Hardware store,jungle,SHOP-HARD-MEX2,UNKNOWN,wiki_catalogue,https://drugdealersim.com/map?game=1708850&area=isla-sombra
Vendor sells,TOOL-FLASHLIGHT,Small flashlight,Hardware store,la-colina-sangrienta,SHOP-HARD-JAM,UNKNOWN,wiki_catalogue,https://drugdealersim.com/map?game=1708850&area=isla-sombra
Vendor sells,TOOL-FLASHLIGHT,Small flashlight,Hardware store,volcano-island,SHOP-HARD-VOL,UNKNOWN,wiki_catalogue,https://drugdealersim.com/map?game=1708850&area=isla-sombra
Vendor sells,TOOL-FLASHLIGHT,Small flashlight,Mechanic,archipelago,SHOP-MECH-ARCH,UNKNOWN,wiki_catalogue,https://drugdealersim.com/map?game=1708850&area=isla-sombra
Vendor sells,TOOL-FLASHLIGHT,Small flashlight,Military equipment shop,dueno-del-mar,SHOP-HARD-PORT,UNKNOWN,wiki_catalogue,https://drugdealersim.com/map?game=1708850&area=isla-sombra
Vendor sells,TOOL-FLASHLIGHT,Small flashlight,Mini-market,archipelago,SHOP-BIG-GENE-ARCH,UNKNOWN,wiki_catalogue,https://drugdealersim.com/map?game=1708850&area=isla-sombra
Vendor sells,TOOL-FLASHLIGHT,Small flashlight,Mini-market,dueno-del-mar,SHOP-BIG-GENE-PORT,UNKNOWN,wiki_catalogue,https://drugdealersim.com/map?game=1708850&area=isla-sombra
Vendor sells,TOOL-FLASHLIGHT,Small flashlight,Mini-market,paraiso-peninsular,SHOP-BIG-GENE-PENI,UNKNOWN,wiki_catalogue,https://drugdealersim.com/map?game=1708850&area=isla-sombra
Vendor sells,UNKNOWN,Small flashlight,Shop - Luciano Cruz,archipelago,UNKNOWN,UNKNOWN,wiki_catalogue,https://drugdealersim.com/map?game=1708850&area=isla-sombra
Vendor sells,EQ-PAINTING-VINT-02,Small painting,Furniture store,dueno-del-mar,SHOP-FURN-PORT,UNKNOWN,wiki_catalogue,https://drugdealersim.com/map?game=1708850&area=isla-sombra
Vendor sells,EQ-PAINTING-VINT-03,Small painting,Furniture store,dueno-del-mar,SHOP-FURN-PORT,UNKNOWN,wiki_catalogue,https://drugdealersim.com/map?game=1708850&area=isla-sombra
Vendor sells,EQ-SAFE-SMALL,Small safe,Equipment and upgrade store,la-colina-sangrienta,SHOP-LABEQ-JAM,UNKNOWN,wiki_catalogue,https://drugdealersim.com/map?game=1708850&area=isla-sombra
Vendor sells,EQ-SAFE-SMALL,Small safe,Furniture store,archipelago,SHOP-FURN-ARCH,UNKNOWN,wiki_catalogue,https://drugdealersim.com/map?game=1708850&area=isla-sombra
Vendor sells,EQ-SAFE-SMALL,Small safe,Furniture store,dueno-del-mar,SHOP-FURN-PORT,UNKNOWN,wiki_catalogue,https://drugdealersim.com/map?game=1708850&area=isla-sombra
Vendor sells,EQ-SAFE-SMALL,Small safe,Furniture store,la-colina-sangrienta,SHOP-FURN-JAM,UNKNOWN,wiki_catalogue,https://drugdealersim.com/map?game=1708850&area=isla-sombra
Vendor sells,EQ-SAFE-SMALL,Small safe,Furniture store,paraiso-peninsular,SHOP-FURN-PENI,UNKNOWN,wiki_catalogue,https://drugdealersim.com/map?game=1708850&area=isla-sombra
Vendor sells,EQ-SAFE-SMALL,Small safe,Furniture store,slavs-bay,SHOP-FURN-SLAV,UNKNOWN,wiki_catalogue,https://drugdealersim.com/map?game=1708850&area=isla-sombra
Vendor sells,CLOTH-SUITCASE-S,Small suitcase,Exclusive boutique,dueno-del-mar,SHOP-CLOTH-PORT,UNKNOWN,wiki_catalogue,https://drugdealersim.com/map?game=1708850&area=isla-sombra
Vendor sells,CLOTH-SUITCASE-S,Small suitcase,Exclusive boutique,paraiso-peninsular,SHOP-CLOTH-PENI,UNKNOWN,wiki_catalogue,https://drugdealersim.com/map?game=1708850&area=isla-sombra
Vendor sells,EQ-CABINET-BAS-S,Small wooden cabinet,Furniture store,dueno-del-mar,SHOP-FURN-PORT,UNKNOWN,wiki_catalogue,https://drugdealersim.com/map?game=1708850&area=isla-sombra
Vendor sells,EQ-CABINET-BAS-S,Small wooden cabinet,Furniture store,paraiso-peninsular,SHOP-FURN-PENI,UNKNOWN,wiki_catalogue,https://drugdealersim.com/map?game=1708850&area=isla-sombra
Vendor sells,KEY-VEH-YACHT-SMALL,Small Yacht,Fuel depot,slavs-bay,SHOP-GAS-SLAV,UNKNOWN,wiki_catalogue,https://drugdealersim.com/map?game=1708850&area=isla-sombra
Vendor sells,DRUG-BLUE-METH-PACK-10G,Smurf dope (blue methamphetamine),Blue meth store,volcano-island,SHOP-DRUGS-BLUE-METH,UNKNOWN,wiki_catalogue,https://drugdealersim.com/map?game=1708850&area=isla-sombra
Vendor sells,CLOTH-SNEAKERS,Sneakers,Exclusive boutique,dueno-del-mar,SHOP-CLOTH-PORT,UNKNOWN,wiki_catalogue,https://drugdealersim.com/map?game=1708850&area=isla-sombra
Vendor sells,CLOTH-SNEAKERS,Sneakers,Hardware store,callejon,SHOP-CLOTH-MEX1,UNKNOWN,wiki_catalogue,https://drugdealersim.com/map?game=1708850&area=isla-sombra
Vendor sells,CLOTH-SNEAKERS,Sneakers,Second hand store,archipelago,SHOP-CLOTH-ARCH,UNKNOWN,wiki_catalogue,https://drugdealersim.com/map?game=1708850&area=isla-sombra
Vendor sells,CLOTH-SNEAKERS,Sneakers,Second hand store,archipelago,SHOP-CLOTH-ARCH,UNKNOWN,wiki_catalogue,https://drugdealersim.com/map?game=1708850&area=isla-sombra
Vendor sells,CLOTH-SNEAKERS-01,Sneakers,Second hand store,archipelago,SHOP-CLOTH-ARCH,UNKNOWN,wiki_catalogue,https://drugdealersim.com/map?game=1708850&area=isla-sombra
Vendor sells,CLOTH-SNEAKERS-02,Sneakers,Second hand store,archipelago,SHOP-CLOTH-ARCH,UNKNOWN,wiki_catalogue,https://drugdealersim.com/map?game=1708850&area=isla-sombra
Vendor sells,CLOTH-SNEAKERS,Sneakers,Second hand store,slavs-bay,SHOP-CLOTH-SLAV,UNKNOWN,wiki_catalogue,https://drugdealersim.com/map?game=1708850&area=isla-sombra
Vendor sells,CLOTH-SNEAKERS-01,Sneakers,Second hand store,slavs-bay,SHOP-CLOTH-SLAV,UNKNOWN,wiki_catalogue,https://drugdealersim.com/map?game=1708850&area=isla-sombra
Vendor sells,CLOTH-SNEAKERS-02,Sneakers,Second hand store,slavs-bay,SHOP-CLOTH-SLAV,UNKNOWN,wiki_catalogue,https://drugdealersim.com/map?game=1708850&area=isla-sombra
Vendor sells,EQ-SOFA-BAS,Sofa,Furniture store,archipelago,SHOP-FURN-ARCH,UNKNOWN,wiki_catalogue,https://drugdealersim.com/map?game=1708850&area=isla-sombra
Vendor sells,EQ-SOFA-MOD,Sofa,Furniture store,archipelago,SHOP-FURN-ARCH,UNKNOWN,wiki_catalogue,https://drugdealersim.com/map?game=1708850&area=isla-sombra
Vendor sells,EQ-SOFA-BAS,Sofa,Furniture store,dueno-del-mar,SHOP-FURN-PORT,UNKNOWN,wiki_catalogue,https://drugdealersim.com/map?game=1708850&area=isla-sombra
Vendor sells,EQ-SOFA-MOD,Sofa,Furniture store,dueno-del-mar,SHOP-FURN-PORT,UNKNOWN,wiki_catalogue,https://drugdealersim.com/map?game=1708850&area=isla-sombra
Vendor sells,EQ-SOFA-BAS,Sofa,Furniture store,paraiso-peninsular,SHOP-FURN-PENI,UNKNOWN,wiki_catalogue,https://drugdealersim.com/map?game=1708850&area=isla-sombra
Vendor sells,EQ-SOFA-MOD,Sofa,Furniture store,paraiso-peninsular,SHOP-FURN-PENI,UNKNOWN,wiki_catalogue,https://drugdealersim.com/map?game=1708850&area=isla-sombra
Vendor sells,CLOTH-SPORT-PANTS,Sport pants,Exclusive boutique,dueno-del-mar,SHOP-CLOTH-PORT,UNKNOWN,wiki_catalogue,https://drugdealersim.com/map?game=1708850&area=isla-sombra
Vendor sells,CLOTH-SPORT-PANTS,Sport pants,Hardware store,callejon,SHOP-CLOTH-MEX1,UNKNOWN,wiki_catalogue,https://drugdealersim.com/map?game=1708850&area=isla-sombra
Vendor sells,CLOTH-SPORT-PANTS,Sport pants,Second hand store,archipelago,SHOP-CLOTH-ARCH,UNKNOWN,wiki_catalogue,https://drugdealersim.com/map?game=1708850&area=isla-sombra
Vendor sells,CLOTH-SPORT-PANTS,Sport pants,Second hand store,archipelago,SHOP-CLOTH-ARCH,UNKNOWN,wiki_catalogue,https://drugdealersim.com/map?game=1708850&area=isla-sombra
Vendor sells,CLOTH-SPORT-PANTS-01,Sport pants,Second hand store,archipelago,SHOP-CLOTH-ARCH,UNKNOWN,wiki_catalogue,https://drugdealersim.com/map?game=1708850&area=isla-sombra
Vendor sells,CLOTH-SPORT-PANTS-02,Sport pants,Second hand store,archipelago,SHOP-CLOTH-ARCH,UNKNOWN,wiki_catalogue,https://drugdealersim.com/map?game=1708850&area=isla-sombra
Vendor sells,CLOTH-SPORT-PANTS,Sport pants,Second hand store,slavs-bay,SHOP-CLOTH-SLAV,UNKNOWN,wiki_catalogue,https://drugdealersim.com/map?game=1708850&area=isla-sombra
Vendor sells,CLOTH-SPORT-PANTS-01,Sport pants,Second hand store,slavs-bay,SHOP-CLOTH-SLAV,UNKNOWN,wiki_catalogue,https://drugdealersim.com/map?game=1708850&area=isla-sombra
Vendor sells,CLOTH-SPORT-PANTS-02,Sport pants,Second hand store,slavs-bay,SHOP-CLOTH-SLAV,UNKNOWN,wiki_catalogue,https://drugdealersim.com/map?game=1708850&area=isla-sombra
Vendor sells,EQ-CHAIR-INDU-02,Stool,Furniture store,la-colina-sangrienta,SHOP-FURN-JAM,UNKNOWN,wiki_catalogue,https://drugdealersim.com/map?game=1708850&area=isla-sombra
Vendor sells,ITEM-STRETCH,Stretch foil,Construction store,slavs-bay,SHOP-CHEM-SLAV,UNKNOWN,wiki_catalogue,https://drugdealersim.com/map?game=1708850&area=isla-sombra
Vendor sells,ITEM-STRETCH,Stretch foil,General store,archipelago,SHOP-GENE-ARCH,UNKNOWN,wiki_catalogue,https://drugdealersim.com/map?game=1708850&area=isla-sombra
Vendor sells,ITEM-STRETCH,Stretch foil,General store,callejon,SHOP-GENE-MEX1,UNKNOWN,wiki_catalogue,https://drugdealersim.com/map?game=1708850&area=isla-sombra
Vendor sells,ITEM-STRETCH,Stretch foil,General store,dueno-del-mar,SHOP-GENE-PORT,UNKNOWN,wiki_catalogue,https://drugdealersim.com/map?game=1708850&area=isla-sombra
Vendor sells,ITEM-STRETCH,Stretch foil,General store,jungle,SHOP-GENE-MEX2,UNKNOWN,wiki_catalogue,https://drugdealersim.com/map?game=1708850&area=isla-sombra
Vendor sells,ITEM-STRETCH,Stretch foil,General store,la-colina-sangrienta,SHOP-GENE-JAM,UNKNOWN,wiki_catalogue,https://drugdealersim.com/map?game=1708850&area=isla-sombra
Vendor sells,ITEM-STRETCH,Stretch foil,General store,slavs-bay,SHOP-GENE-SLAV,UNKNOWN,wiki_catalogue,https://drugdealersim.com/map?game=1708850&area=isla-sombra
Vendor sells,ITEM-STRETCH,Stretch foil,Hardware store,callejon,SHOP-CLOTH-MEX1,UNKNOWN,wiki_catalogue,https://drugdealersim.com/map?game=1708850&area=isla-sombra
Vendor sells,ITEM-STRETCH,Stretch foil,Hardware store,jungle,SHOP-HARD-MEX2,UNKNOWN,wiki_catalogue,https://drugdealersim.com/map?game=1708850&area=isla-sombra
Vendor sells,ITEM-STRETCH,Stretch foil,Mini-market,archipelago,SHOP-BIG-GENE-ARCH,UNKNOWN,wiki_catalogue,https://drugdealersim.com/map?game=1708850&area=isla-sombra
Vendor sells,ITEM-STRETCH,Stretch foil,Mini-market,dueno-del-mar,SHOP-BIG-GENE-PORT,UNKNOWN,wiki_catalogue,https://drugdealersim.com/map?game=1708850&area=isla-sombra
Vendor sells,ITEM-STRETCH,Stretch foil,Mini-market,paraiso-peninsular,SHOP-BIG-GENE-PENI,UNKNOWN,wiki_catalogue,https://drugdealersim.com/map?game=1708850&area=isla-sombra
Vendor sells,UNKNOWN,Stretch Foil,Shop - Luciano Cruz,archipelago,UNKNOWN,UNKNOWN,wiki_catalogue,https://drugdealersim.com/map?game=1708850&area=isla-sombra
Vendor sells,JEWEL-SUNGLASSES,Sunglasses,Second hand store,archipelago,SHOP-CLOTH-ARCH,UNKNOWN,wiki_catalogue,https://drugdealersim.com/map?game=1708850&area=isla-sombra
Vendor sells,JEWEL-SUNGLASSES-01,Sunglasses,Second hand store,archipelago,SHOP-CLOTH-ARCH,UNKNOWN,wiki_catalogue,https://drugdealersim.com/map?game=1708850&area=isla-sombra
Vendor sells,JEWEL-SUNGLASSES-01,Sunglasses,Second hand store,slavs-bay,SHOP-CLOTH-SLAV,UNKNOWN,wiki_catalogue,https://drugdealersim.com/map?game=1708850&area=isla-sombra
Vendor sells,JEWEL-SUNGLASSES,Sunglasses,Second hand store,slavs-bay,SHOP-CLOTH-SLAV,UNKNOWN,wiki_catalogue,https://drugdealersim.com/map?game=1708850&area=isla-sombra
Vendor sells,CLOTH-SWEATSHIRT,Sweatshirt,Exclusive boutique,dueno-del-mar,SHOP-CLOTH-PORT,UNKNOWN,wiki_catalogue,https://drugdealersim.com/map?game=1708850&area=isla-sombra
Vendor sells,CLOTH-SWEATSHIRT,Sweatshirt,Hardware store,callejon,SHOP-CLOTH-MEX1,UNKNOWN,wiki_catalogue,https://drugdealersim.com/map?game=1708850&area=isla-sombra
Vendor sells,CLOTH-SWEATSHIRT,Sweatshirt,Second hand store,archipelago,SHOP-CLOTH-ARCH,UNKNOWN,wiki_catalogue,https://drugdealersim.com/map?game=1708850&area=isla-sombra
Vendor sells,CLOTH-SWEATSHIRT,Sweatshirt,Second hand store,archipelago,SHOP-CLOTH-ARCH,UNKNOWN,wiki_catalogue,https://drugdealersim.com/map?game=1708850&area=isla-sombra
Vendor sells,CLOTH-SWEATSHIRT-01,Sweatshirt,Second hand store,archipelago,SHOP-CLOTH-ARCH,UNKNOWN,wiki_catalogue,https://drugdealersim.com/map?game=1708850&area=isla-sombra
Vendor sells,CLOTH-SWEATSHIRT-02,Sweatshirt,Second hand store,archipelago,SHOP-CLOTH-ARCH,UNKNOWN,wiki_catalogue,https://drugdealersim.com/map?game=1708850&area=isla-sombra
Vendor sells,CLOTH-SWEATSHIRT-03,Sweatshirt,Second hand store,archipelago,SHOP-CLOTH-ARCH,UNKNOWN,wiki_catalogue,https://drugdealersim.com/map?game=1708850&area=isla-sombra
Vendor sells,CLOTH-SWEATSHIRT,Sweatshirt,Second hand store,slavs-bay,SHOP-CLOTH-SLAV,UNKNOWN,wiki_catalogue,https://drugdealersim.com/map?game=1708850&area=isla-sombra
Vendor sells,CLOTH-SWEATSHIRT-01,Sweatshirt,Second hand store,slavs-bay,SHOP-CLOTH-SLAV,UNKNOWN,wiki_catalogue,https://drugdealersim.com/map?game=1708850&area=isla-sombra
Vendor sells,CLOTH-SWEATSHIRT-02,Sweatshirt,Second hand store,slavs-bay,SHOP-CLOTH-SLAV,UNKNOWN,wiki_catalogue,https://drugdealersim.com/map?game=1708850&area=isla-sombra
Vendor sells,CLOTH-SWEATSHIRT-03,Sweatshirt,Second hand store,slavs-bay,SHOP-CLOTH-SLAV,UNKNOWN,wiki_catalogue,https://drugdealersim.com/map?game=1708850&area=isla-sombra
Vendor sells,ITEM-FERTILIZER-SYN-M,Synthetic fertilizer,Construction store,slavs-bay,SHOP-CHEM-SLAV,UNKNOWN,wiki_catalogue,https://drugdealersim.com/map?game=1708850&area=isla-sombra
Vendor sells,ITEM-FERTILIZER-SYN-M,Synthetic fertilizer,Grain shop,callejon,SHOP-FARM-MEX1,UNKNOWN,wiki_catalogue,https://drugdealersim.com/map?game=1708850&area=isla-sombra
Vendor sells,ITEM-FERTILIZER-SYN-M,Synthetic fertilizer,Mini-market,archipelago,SHOP-BIG-GENE-ARCH,UNKNOWN,wiki_catalogue,https://drugdealersim.com/map?game=1708850&area=isla-sombra
Vendor sells,ITEM-FERTILIZER-SYN-M,Synthetic fertilizer,Mini-market,dueno-del-mar,SHOP-BIG-GENE-PORT,UNKNOWN,wiki_catalogue,https://drugdealersim.com/map?game=1708850&area=isla-sombra
Vendor sells,ITEM-FERTILIZER-SYN-M,Synthetic fertilizer,Mini-market,paraiso-peninsular,SHOP-BIG-GENE-PENI,UNKNOWN,wiki_catalogue,https://drugdealersim.com/map?game=1708850&area=isla-sombra
Vendor sells,ITEM-FERTILIZER-SYN-M,Synthetic fertilizer,Poppy shop,callejon,SHOP-FARM2-MEX1,UNKNOWN,wiki_catalogue,https://drugdealersim.com/map?game=1708850&area=isla-sombra
Vendor sells,CLOTH-TSHIRT,T-shirt,Exclusive boutique,dueno-del-mar,SHOP-CLOTH-PORT,UNKNOWN,wiki_catalogue,https://drugdealersim.com/map?game=1708850&area=isla-sombra
Vendor sells,CLOTH-TSHIRT,T-shirt,Hardware store,callejon,SHOP-CLOTH-MEX1,UNKNOWN,wiki_catalogue,https://drugdealersim.com/map?game=1708850&area=isla-sombra
Vendor sells,CLOTH-TSHIRT,T-shirt,Mini-market,archipelago,SHOP-BIG-GENE-ARCH,UNKNOWN,wiki_catalogue,https://drugdealersim.com/map?game=1708850&area=isla-sombra
Vendor sells,CLOTH-TSHIRT,T-shirt,Mini-market,dueno-del-mar,SHOP-BIG-GENE-PORT,UNKNOWN,wiki_catalogue,https://drugdealersim.com/map?game=1708850&area=isla-sombra
Vendor sells,CLOTH-TSHIRT,T-shirt,Mini-market,paraiso-peninsular,SHOP-BIG-GENE-PENI,UNKNOWN,wiki_catalogue,https://drugdealersim.com/map?game=1708850&area=isla-sombra
Vendor sells,CLOTH-TSHIRT,T-shirt,Second hand store,archipelago,SHOP-CLOTH-ARCH,UNKNOWN,wiki_catalogue,https://drugdealersim.com/map?game=1708850&area=isla-sombra
Vendor sells,CLOTH-TSHIRT,T-shirt,Second hand store,archipelago,SHOP-CLOTH-ARCH,UNKNOWN,wiki_catalogue,https://drugdealersim.com/map?game=1708850&area=isla-sombra
Vendor sells,CLOTH-TSHIRT-01,T-shirt,Second hand store,archipelago,SHOP-CLOTH-ARCH,UNKNOWN,wiki_catalogue,https://drugdealersim.com/map?game=1708850&area=isla-sombra
Vendor sells,CLOTH-TSHIRT-02,T-shirt,Second hand store,archipelago,SHOP-CLOTH-ARCH,UNKNOWN,wiki_catalogue,https://drugdealersim.com/map?game=1708850&area=isla-sombra
Vendor sells,CLOTH-TSHIRT-03,T-shirt,Second hand store,archipelago,SHOP-CLOTH-ARCH,UNKNOWN,wiki_catalogue,https://drugdealersim.com/map?game=1708850&area=isla-sombra
Vendor sells,CLOTH-TSHIRT-04,T-shirt,Second hand store,archipelago,SHOP-CLOTH-ARCH,UNKNOWN,wiki_catalogue,https://drugdealersim.com/map?game=1708850&area=isla-sombra
Vendor sells,CLOTH-TSHIRT-05,T-shirt,Second hand store,archipelago,SHOP-CLOTH-ARCH,UNKNOWN,wiki_catalogue,https://drugdealersim.com/map?game=1708850&area=isla-sombra
Vendor sells,CLOTH-TSHIRT,T-shirt,Second hand store,slavs-bay,SHOP-CLOTH-SLAV,UNKNOWN,wiki_catalogue,https://drugdealersim.com/map?game=1708850&area=isla-sombra
Vendor sells,CLOTH-TSHIRT-01,T-shirt,Second hand store,slavs-bay,SHOP-CLOTH-SLAV,UNKNOWN,wiki_catalogue,https://drugdealersim.com/map?game=1708850&area=isla-sombra
Vendor sells,CLOTH-TSHIRT-02,T-shirt,Second hand store,slavs-bay,SHOP-CLOTH-SLAV,UNKNOWN,wiki_catalogue,https://drugdealersim.com/map?game=1708850&area=isla-sombra
Vendor sells,CLOTH-TSHIRT-03,T-shirt,Second hand store,slavs-bay,SHOP-CLOTH-SLAV,UNKNOWN,wiki_catalogue,https://drugdealersim.com/map?game=1708850&area=isla-sombra
Vendor sells,CLOTH-TSHIRT-04,T-shirt,Second hand store,slavs-bay,SHOP-CLOTH-SLAV,UNKNOWN,wiki_catalogue,https://drugdealersim.com/map?game=1708850&area=isla-sombra
Vendor sells,CLOTH-TSHIRT-05,T-shirt,Second hand store,slavs-bay,SHOP-CLOTH-SLAV,UNKNOWN,wiki_catalogue,https://drugdealersim.com/map?game=1708850&area=isla-sombra
Vendor sells,ITEM-TABACCO-PACK,Tabacco pack,General store,archipelago,SHOP-GENE-ARCH,UNKNOWN,wiki_catalogue,https://drugdealersim.com/map?game=1708850&area=isla-sombra
Vendor sells,ITEM-TABACCO-PACK,Tabacco pack,General store,callejon,SHOP-GENE-MEX1,UNKNOWN,wiki_catalogue,https://drugdealersim.com/map?game=1708850&area=isla-sombra
Vendor sells,ITEM-TABACCO-PACK,Tabacco pack,General store,dueno-del-mar,SHOP-GENE-PORT,UNKNOWN,wiki_catalogue,https://drugdealersim.com/map?game=1708850&area=isla-sombra
Vendor sells,ITEM-TABACCO-PACK,Tabacco pack,General store,jungle,SHOP-GENE-MEX2,UNKNOWN,wiki_catalogue,https://drugdealersim.com/map?game=1708850&area=isla-sombra
Vendor sells,ITEM-TABACCO-PACK,Tabacco pack,General store,la-colina-sangrienta,SHOP-GENE-JAM,UNKNOWN,wiki_catalogue,https://drugdealersim.com/map?game=1708850&area=isla-sombra
Vendor sells,ITEM-TABACCO-PACK,Tabacco pack,General store,slavs-bay,SHOP-GENE-SLAV,UNKNOWN,wiki_catalogue,https://drugdealersim.com/map?game=1708850&area=isla-sombra
Vendor sells,ITEM-TABACCO-PACK,Tabacco pack,Mini-market,archipelago,SHOP-BIG-GENE-ARCH,UNKNOWN,wiki_catalogue,https://drugdealersim.com/map?game=1708850&area=isla-sombra
Vendor sells,ITEM-TABACCO-PACK,Tabacco pack,Mini-market,dueno-del-mar,SHOP-BIG-GENE-PORT,UNKNOWN,wiki_catalogue,https://drugdealersim.com/map?game=1708850&area=isla-sombra
Vendor sells,ITEM-TABACCO-PACK,Tabacco pack,Mini-market,paraiso-peninsular,SHOP-BIG-GENE-PENI,UNKNOWN,wiki_catalogue,https://drugdealersim.com/map?game=1708850&area=isla-sombra
Vendor sells,EQ-TABLE-BAS,Table,Furniture store,archipelago,SHOP-FURN-ARCH,UNKNOWN,wiki_catalogue,https://drugdealersim.com/map?game=1708850&area=isla-sombra
Vendor sells,EQ-TABLE-MOD,Table,Furniture store,archipelago,SHOP-FURN-ARCH,UNKNOWN,wiki_catalogue,https://drugdealersim.com/map?game=1708850&area=isla-sombra
Vendor sells,EQ-TABLE-BAS,Table,Furniture store,dueno-del-mar,SHOP-FURN-PORT,UNKNOWN,wiki_catalogue,https://drugdealersim.com/map?game=1708850&area=isla-sombra
Vendor sells,EQ-TABLE-MOD,Table,Furniture store,dueno-del-mar,SHOP-FURN-PORT,UNKNOWN,wiki_catalogue,https://drugdealersim.com/map?game=1708850&area=isla-sombra
Vendor sells,EQ-TABLE-VINT,Table,Furniture store,dueno-del-mar,SHOP-FURN-PORT,UNKNOWN,wiki_catalogue,https://drugdealersim.com/map?game=1708850&area=isla-sombra
Vendor sells,EQ-TABLE-BAS,Table,Furniture store,la-colina-sangrienta,SHOP-FURN-JAM,UNKNOWN,wiki_catalogue,https://drugdealersim.com/map?game=1708850&area=isla-sombra
Vendor sells,EQ-TABLE-INDU,Table,Furniture store,la-colina-sangrienta,SHOP-FURN-JAM,UNKNOWN,wiki_catalogue,https://drugdealersim.com/map?game=1708850&area=isla-sombra
Vendor sells,EQ-TABLE-BAS,Table,Furniture store,paraiso-peninsular,SHOP-FURN-PENI,UNKNOWN,wiki_catalogue,https://drugdealersim.com/map?game=1708850&area=isla-sombra
Vendor sells,EQ-TABLE-MOD,Table,Furniture store,paraiso-peninsular,SHOP-FURN-PENI,UNKNOWN,wiki_catalogue,https://drugdealersim.com/map?game=1708850&area=isla-sombra
Vendor sells,EQ-TABLE-BAS,Table,Furniture store,slavs-bay,SHOP-FURN-SLAV,UNKNOWN,wiki_catalogue,https://drugdealersim.com/map?game=1708850&area=isla-sombra
Vendor sells,CLOTH-TANKTOP,Tank top,Second hand store,archipelago,SHOP-CLOTH-ARCH,UNKNOWN,wiki_catalogue,https://drugdealersim.com/map?game=1708850&area=isla-sombra
Vendor sells,CLOTH-TANKTOP-01,Tank top,Second hand store,archipelago,SHOP-CLOTH-ARCH,UNKNOWN,wiki_catalogue,https://drugdealersim.com/map?game=1708850&area=isla-sombra
Vendor sells,CLOTH-TANKTOP-02,Tank top,Second hand store,archipelago,SHOP-CLOTH-ARCH,UNKNOWN,wiki_catalogue,https://drugdealersim.com/map?game=1708850&area=isla-sombra
Vendor sells,CLOTH-TANKTOP-03,Tank top,Second hand store,archipelago,SHOP-CLOTH-ARCH,UNKNOWN,wiki_catalogue,https://drugdealersim.com/map?game=1708850&area=isla-sombra
Vendor sells,EQ-SPECIAL-PHONE,Telephone with a message recorder,Furniture store,archipelago,SHOP-FURN-ARCH,UNKNOWN,wiki_catalogue,https://drugdealersim.com/map?game=1708850&area=isla-sombra
Vendor sells,EQ-SPECIAL-PHONE,Telephone with a message recorder,Furniture store,dueno-del-mar,SHOP-FURN-PORT,UNKNOWN,wiki_catalogue,https://drugdealersim.com/map?game=1708850&area=isla-sombra
Vendor sells,EQ-SPECIAL-PHONE-MOD,Telephone with a message recorder,Furniture store,dueno-del-mar,SHOP-FURN-PORT,UNKNOWN,wiki_catalogue,https://drugdealersim.com/map?game=1708850&area=isla-sombra
Vendor sells,EQ-SPECIAL-PHONE,Telephone with a message recorder,Furniture store,la-colina-sangrienta,SHOP-FURN-JAM,UNKNOWN,wiki_catalogue,https://drugdealersim.com/map?game=1708850&area=isla-sombra
Vendor sells,EQ-SPECIAL-PHONE,Telephone with a message recorder,Furniture store,paraiso-peninsular,SHOP-FURN-PENI,UNKNOWN,wiki_catalogue,https://drugdealersim.com/map?game=1708850&area=isla-sombra
Vendor sells,EQ-SPECIAL-PHONE-MOD,Telephone with a message recorder,Furniture store,paraiso-peninsular,SHOP-FURN-PENI,UNKNOWN,wiki_catalogue,https://drugdealersim.com/map?game=1708850&area=isla-sombra
Vendor sells,EQ-SPECIAL-PHONE,Telephone with a message recorder,Furniture store,slavs-bay,SHOP-FURN-SLAV,UNKNOWN,wiki_catalogue,https://drugdealersim.com/map?game=1708850&area=isla-sombra
Vendor sells,UNKNOWN,Tobacco (50G),Shop - Luciano Cruz,archipelago,UNKNOWN,UNKNOWN,wiki_catalogue,https://drugdealersim.com/map?game=1708850&area=isla-sombra
Vendor sells,EQ-DECOR-VD-URN-01,Urn,Furniture store,la-colina-sangrienta,SHOP-FURN-JAM,UNKNOWN,wiki_catalogue,https://drugdealersim.com/map?game=1708850&area=isla-sombra
Vendor sells,EQ-DECOR-VD-URN-02,Urn,Furniture store,la-colina-sangrienta,SHOP-FURN-JAM,UNKNOWN,wiki_catalogue,https://drugdealersim.com/map?game=1708850&area=isla-sombra
Vendor sells,TOOL-BULB-UV-L,UV bulb (large),Grain shop,callejon,SHOP-FARM-MEX1,UNKNOWN,wiki_catalogue,https://drugdealersim.com/map?game=1708850&area=isla-sombra
Vendor sells,TOOL-BULB-UV-L,UV bulb (large),Hardware store,bahia-de-oro-favela,SHOP-HARD-CITY-FAV,UNKNOWN,wiki_catalogue,https://drugdealersim.com/map?game=1708850&area=isla-sombra
Vendor sells,TOOL-BULB-UV-L,UV bulb (large),Hardware store,callejon,SHOP-CLOTH-MEX1,UNKNOWN,wiki_catalogue,https://drugdealersim.com/map?game=1708850&area=isla-sombra
Vendor sells,TOOL-BULB-UV-L,UV bulb (large),Hardware store,jungle,SHOP-HARD-MEX2,UNKNOWN,wiki_catalogue,https://drugdealersim.com/map?game=1708850&area=isla-sombra
Vendor sells,TOOL-BULB-UV-L,UV bulb (large),Hardware store,la-colina-sangrienta,SHOP-HARD-JAM,UNKNOWN,wiki_catalogue,https://drugdealersim.com/map?game=1708850&area=isla-sombra
Vendor sells,TOOL-BULB-UV-L,UV bulb (large),Outdoor weed store,slavs-bay,SHOP-DRUGS-SAT,UNKNOWN,wiki_catalogue,https://drugdealersim.com/map?game=1708850&area=isla-sombra
Vendor sells,TOOL-BULB-UV-L,UV bulb (large),Poppy shop,callejon,SHOP-FARM2-MEX1,UNKNOWN,wiki_catalogue,https://drugdealersim.com/map?game=1708850&area=isla-sombra
Vendor sells,TOOL-BULB-UV-L,UV bulb (large),Weed store,archipelago,SHOP-DRUGS-IND,UNKNOWN,wiki_catalogue,https://drugdealersim.com/map?game=1708850&area=isla-sombra
Vendor sells,EQ-DECOR-VASE-01,Vase,Furniture store,archipelago,SHOP-FURN-ARCH,UNKNOWN,wiki_catalogue,https://drugdealersim.com/map?game=1708850&area=isla-sombra
Vendor sells,EQ-DECOR-VASE-02,Vase,Furniture store,archipelago,SHOP-FURN-ARCH,UNKNOWN,wiki_catalogue,https://drugdealersim.com/map?game=1708850&area=isla-sombra
Vendor sells,EQ-DECOR-VASE-03,Vase,Furniture store,archipelago,SHOP-FURN-ARCH,UNKNOWN,wiki_catalogue,https://drugdealersim.com/map?game=1708850&area=isla-sombra
Vendor sells,EQ-DECOR-VASE-01,Vase,Furniture store,dueno-del-mar,SHOP-FURN-PORT,UNKNOWN,wiki_catalogue,https://drugdealersim.com/map?game=1708850&area=isla-sombra
Vendor sells,EQ-DECOR-VASE-02,Vase,Furniture store,dueno-del-mar,SHOP-FURN-PORT,UNKNOWN,wiki_catalogue,https://drugdealersim.com/map?game=1708850&area=isla-sombra
Vendor sells,EQ-DECOR-VASE-03,Vase,Furniture store,dueno-del-mar,SHOP-FURN-PORT,UNKNOWN,wiki_catalogue,https://drugdealersim.com/map?game=1708850&area=isla-sombra
Vendor sells,EQ-DECOR-VINT-VASE-01,Vase,Furniture store,dueno-del-mar,SHOP-FURN-PORT,UNKNOWN,wiki_catalogue,https://drugdealersim.com/map?game=1708850&area=isla-sombra
Vendor sells,EQ-DECOR-VASE-01,Vase,Furniture store,paraiso-peninsular,SHOP-FURN-PENI,UNKNOWN,wiki_catalogue,https://drugdealersim.com/map?game=1708850&area=isla-sombra
Vendor sells,EQ-DECOR-VASE-02,Vase,Furniture store,paraiso-peninsular,SHOP-FURN-PENI,UNKNOWN,wiki_catalogue,https://drugdealersim.com/map?game=1708850&area=isla-sombra
Vendor sells,EQ-DECOR-VASE-03,Vase,Furniture store,paraiso-peninsular,SHOP-FURN-PENI,UNKNOWN,wiki_catalogue,https://drugdealersim.com/map?game=1708850&area=isla-sombra
Vendor sells,ITEM-VIAL,Vial,Blue meth store,volcano-island,SHOP-DRUGS-BLUE-METH,UNKNOWN,wiki_catalogue,https://drugdealersim.com/map?game=1708850&area=isla-sombra
Vendor sells,ITEM-VIAL,Vial,Hardware store,bahia-de-oro-favela,SHOP-HARD-CITY-FAV,UNKNOWN,wiki_catalogue,https://drugdealersim.com/map?game=1708850&area=isla-sombra
Vendor sells,ITEM-VIAL,Vial,Hardware store,callejon,SHOP-CLOTH-MEX1,UNKNOWN,wiki_catalogue,https://drugdealersim.com/map?game=1708850&area=isla-sombra
Vendor sells,ITEM-VIAL,Vial,Hardware store,jungle,SHOP-HARD-MEX2,UNKNOWN,wiki_catalogue,https://drugdealersim.com/map?game=1708850&area=isla-sombra
Vendor sells,ITEM-VIAL,Vial,Hardware store,la-colina-sangrienta,SHOP-HARD-JAM,UNKNOWN,wiki_catalogue,https://drugdealersim.com/map?game=1708850&area=isla-sombra
Vendor sells,ITEM-VIAL,Vial,Hardware store,volcano-island,SHOP-HARD-VOL,UNKNOWN,wiki_catalogue,https://drugdealersim.com/map?game=1708850&area=isla-sombra
Vendor sells,UNKNOWN,Vial,Marcus,small-island,UNKNOWN,UNKNOWN,wiki_catalogue,https://drugdealersim.com/map?game=1708850&area=isla-sombra
Vendor sells,ITEM-VIAL,Vial,Marcus' laboratory,archipelago,SHOP-DRUGS-AMPH,UNKNOWN,wiki_catalogue,https://drugdealersim.com/map?game=1708850&area=isla-sombra
Vendor sells,ITEM-VIAL,Vial,Meth store,jungle,SHOP-DRUGS-METH,UNKNOWN,wiki_catalogue,https://drugdealersim.com/map?game=1708850&area=isla-sombra
Vendor sells,ITEM-VIAL,Vial,Outdoor weed store,slavs-bay,SHOP-DRUGS-SAT,UNKNOWN,wiki_catalogue,https://drugdealersim.com/map?game=1708850&area=isla-sombra
Vendor sells,ITEM-VIAL,Vial,Weed store,archipelago,SHOP-DRUGS-IND,UNKNOWN,wiki_catalogue,https://drugdealersim.com/map?game=1708850&area=isla-sombra
Vendor sells,FOOD-VINEGAR-M,Vinegar,General store,archipelago,SHOP-GENE-ARCH,UNKNOWN,wiki_catalogue,https://drugdealersim.com/map?game=1708850&area=isla-sombra
Vendor sells,FOOD-VINEGAR-M,Vinegar,General store,callejon,SHOP-GENE-MEX1,UNKNOWN,wiki_catalogue,https://drugdealersim.com/map?game=1708850&area=isla-sombra
Vendor sells,FOOD-VINEGAR-M,Vinegar,General store,dueno-del-mar,SHOP-GENE-PORT,UNKNOWN,wiki_catalogue,https://drugdealersim.com/map?game=1708850&area=isla-sombra
Vendor sells,FOOD-VINEGAR-M,Vinegar,General store,jungle,SHOP-GENE-MEX2,UNKNOWN,wiki_catalogue,https://drugdealersim.com/map?game=1708850&area=isla-sombra
Vendor sells,FOOD-VINEGAR-M,Vinegar,General store,la-colina-sangrienta,SHOP-GENE-JAM,UNKNOWN,wiki_catalogue,https://drugdealersim.com/map?game=1708850&area=isla-sombra
Vendor sells,FOOD-VINEGAR-M,Vinegar,General store,slavs-bay,SHOP-GENE-SLAV,UNKNOWN,wiki_catalogue,https://drugdealersim.com/map?game=1708850&area=isla-sombra
Vendor sells,FOOD-VINEGAR-M,Vinegar,Mini-market,archipelago,SHOP-BIG-GENE-ARCH,UNKNOWN,wiki_catalogue,https://drugdealersim.com/map?game=1708850&area=isla-sombra
Vendor sells,FOOD-VINEGAR-M,Vinegar,Mini-market,dueno-del-mar,SHOP-BIG-GENE-PORT,UNKNOWN,wiki_catalogue,https://drugdealersim.com/map?game=1708850&area=isla-sombra
Vendor sells,FOOD-VINEGAR-M,Vinegar,Mini-market,paraiso-peninsular,SHOP-BIG-GENE-PENI,UNKNOWN,wiki_catalogue,https://drugdealersim.com/map?game=1708850&area=isla-sombra
Vendor sells,UNKNOWN,Vinegar (500Ml),Shop - Luciano Cruz,archipelago,UNKNOWN,UNKNOWN,wiki_catalogue,https://drugdealersim.com/map?game=1708850&area=isla-sombra
Vendor sells,EQ-SPECIAL-PHONE-MOD-02,Wall telephone with a message recorder,Furniture store,dueno-del-mar,SHOP-FURN-PORT,UNKNOWN,wiki_catalogue,https://drugdealersim.com/map?game=1708850&area=isla-sombra
Vendor sells,EQ-SPECIAL-PHONE-MOD-02,Wall telephone with a message recorder,Furniture store,paraiso-peninsular,SHOP-FURN-PENI,UNKNOWN,wiki_catalogue,https://drugdealersim.com/map?game=1708850&area=isla-sombra
Vendor sells,EQ-WARDROBE-BAS,Wardrobe (for clothes),Furniture store,archipelago,SHOP-FURN-ARCH,UNKNOWN,wiki_catalogue,https://drugdealersim.com/map?game=1708850&area=isla-sombra
Vendor sells,EQ-WARDROBE-BAS,Wardrobe (for clothes),Furniture store,dueno-del-mar,SHOP-FURN-PORT,UNKNOWN,wiki_catalogue,https://drugdealersim.com/map?game=1708850&area=isla-sombra
Vendor sells,EQ-WARDROBE-MOD,Wardrobe (for clothes),Furniture store,dueno-del-mar,SHOP-FURN-PORT,UNKNOWN,wiki_catalogue,https://drugdealersim.com/map?game=1708850&area=isla-sombra
Vendor sells,EQ-WARDROBE-VINT,Wardrobe (for clothes),Furniture store,dueno-del-mar,SHOP-FURN-PORT,UNKNOWN,wiki_catalogue,https://drugdealersim.com/map?game=1708850&area=isla-sombra
Vendor sells,EQ-WARDROBE-BAS,Wardrobe (for clothes),Furniture store,la-colina-sangrienta,SHOP-FURN-JAM,UNKNOWN,wiki_catalogue,https://drugdealersim.com/map?game=1708850&area=isla-sombra
Vendor sells,EQ-WARDROBE-INDU,Wardrobe (for clothes),Furniture store,la-colina-sangrienta,SHOP-FURN-JAM,UNKNOWN,wiki_catalogue,https://drugdealersim.com/map?game=1708850&area=isla-sombra
Vendor sells,EQ-WARDROBE-BAS,Wardrobe (for clothes),Furniture store,paraiso-peninsular,SHOP-FURN-PENI,UNKNOWN,wiki_catalogue,https://drugdealersim.com/map?game=1708850&area=isla-sombra
Vendor sells,EQ-WARDROBE-MOD,Wardrobe (for clothes),Furniture store,paraiso-peninsular,SHOP-FURN-PENI,UNKNOWN,wiki_catalogue,https://drugdealersim.com/map?game=1708850&area=isla-sombra
Vendor sells,EQ-WARDROBE-BAS,Wardrobe (for clothes),Furniture store,slavs-bay,SHOP-FURN-SLAV,UNKNOWN,wiki_catalogue,https://drugdealersim.com/map?game=1708850&area=isla-sombra
Vendor sells,JEWEL-WATCH,Watch,Exclusive boutique,dueno-del-mar,SHOP-CLOTH-PORT,UNKNOWN,wiki_catalogue,https://drugdealersim.com/map?game=1708850&area=isla-sombra
Vendor sells,JEWEL-WATCH,Watch,Exclusive boutique,paraiso-peninsular,SHOP-CLOTH-PENI,UNKNOWN,wiki_catalogue,https://drugdealersim.com/map?game=1708850&area=isla-sombra
Vendor sells,JEWEL-WATCH,Watch,Pawn shop,bahia-de-oro-favela,SHOP-PAWN-CITY-FAV,UNKNOWN,wiki_catalogue,https://drugdealersim.com/map?game=1708850&area=isla-sombra
Vendor sells,JEWEL-WATCH,Watch,Pawn shop,callejon,SHOP-PAWN-MEX1,UNKNOWN,wiki_catalogue,https://drugdealersim.com/map?game=1708850&area=isla-sombra
Vendor sells,JEWEL-WATCH,Watch,Pawn shop,dueno-del-mar,SHOP-PAWN-PORT,UNKNOWN,wiki_catalogue,https://drugdealersim.com/map?game=1708850&area=isla-sombra
Vendor sells,JEWEL-WATCH,Watch,Pawn shop,jungle,SHOP-PAWN-MEX2,UNKNOWN,wiki_catalogue,https://drugdealersim.com/map?game=1708850&area=isla-sombra
Vendor sells,JEWEL-WATCH,Watch,Pawn shop,la-colina-sangrienta,SHOP-PAWN-JAM,UNKNOWN,wiki_catalogue,https://drugdealersim.com/map?game=1708850&area=isla-sombra
Vendor sells,JEWEL-WATCH,Watch,Pawn shop,paraiso-peninsular,SHOP-PAWN-PENI,UNKNOWN,wiki_catalogue,https://drugdealersim.com/map?game=1708850&area=isla-sombra
Vendor sells,JEWEL-WATCH,Watch,Pawn shop,slavs-bay,SHOP-PAWN-SLAV,UNKNOWN,wiki_catalogue,https://drugdealersim.com/map?game=1708850&area=isla-sombra
Vendor sells,JEWEL-WATCH,Watch,Second hand store,archipelago,SHOP-CLOTH-ARCH,UNKNOWN,wiki_catalogue,https://drugdealersim.com/map?game=1708850&area=isla-sombra
Vendor sells,JEWEL-WATCH,Watch,Second hand store,slavs-bay,SHOP-CLOTH-SLAV,UNKNOWN,wiki_catalogue,https://drugdealersim.com/map?game=1708850&area=isla-sombra
Vendor sells,ITEM-WATER-S,Water,Bar,archipelago,SHOP-FUN-ARCH,UNKNOWN,wiki_catalogue,https://drugdealersim.com/map?game=1708850&area=isla-sombra
Vendor sells,ITEM-WATER-S,Water,Bar,bahia-de-oro-favela,SHOP-FUN-CITY-FAV,UNKNOWN,wiki_catalogue,https://drugdealersim.com/map?game=1708850&area=isla-sombra
Vendor sells,ITEM-WATER-S,Water,Bar,dueno-del-mar,SHOP-FUN-PORT,UNKNOWN,wiki_catalogue,https://drugdealersim.com/map?game=1708850&area=isla-sombra
Vendor sells,ITEM-WATER-S,Water,Bar,jungle,SHOP-FUN-MEX2,UNKNOWN,wiki_catalogue,https://drugdealersim.com/map?game=1708850&area=isla-sombra
Vendor sells,ITEM-WATER-S,Water,Barbeque spot,la-colina-sangrienta,SHOP-FUN-JAM,UNKNOWN,wiki_catalogue,https://drugdealersim.com/map?game=1708850&area=isla-sombra
Vendor sells,ITEM-WATER-S,Water,Beer stand,paraiso-peninsular,SHOP-FUN2-PENI,UNKNOWN,wiki_catalogue,https://drugdealersim.com/map?game=1708850&area=isla-sombra
Vendor sells,ITEM-WATER-S,Water,Club,dueno-del-mar,SHOP-FUN2-PORT,UNKNOWN,wiki_catalogue,https://drugdealersim.com/map?game=1708850&area=isla-sombra
Vendor sells,ITEM-WATER-S,Water,Club,paraiso-peninsular,SHOP-FUN3-PENI,UNKNOWN,wiki_catalogue,https://drugdealersim.com/map?game=1708850&area=isla-sombra
Vendor sells,ITEM-WATER-S,Water,Club,volcano-island,SHOP-FUN-VOL,UNKNOWN,wiki_catalogue,https://drugdealersim.com/map?game=1708850&area=isla-sombra
Vendor sells,ITEM-WATER-L,Water,Construction store,slavs-bay,SHOP-CHEM-SLAV,UNKNOWN,wiki_catalogue,https://drugdealersim.com/map?game=1708850&area=isla-sombra
Vendor sells,ITEM-WATER-S,Water,General store,archipelago,SHOP-GENE-ARCH,UNKNOWN,wiki_catalogue,https://drugdealersim.com/map?game=1708850&area=isla-sombra
Vendor sells,ITEM-WATER-L,Water,General store,archipelago,SHOP-GENE-ARCH,UNKNOWN,wiki_catalogue,https://drugdealersim.com/map?game=1708850&area=isla-sombra
Vendor sells,ITEM-WATER-S,Water,General store,callejon,SHOP-GENE-MEX1,UNKNOWN,wiki_catalogue,https://drugdealersim.com/map?game=1708850&area=isla-sombra
Vendor sells,ITEM-WATER-L,Water,General store,callejon,SHOP-GENE-MEX1,UNKNOWN,wiki_catalogue,https://drugdealersim.com/map?game=1708850&area=isla-sombra
Vendor sells,ITEM-WATER-S,Water,General store,dueno-del-mar,SHOP-GENE-PORT,UNKNOWN,wiki_catalogue,https://drugdealersim.com/map?game=1708850&area=isla-sombra
Vendor sells,ITEM-WATER-L,Water,General store,dueno-del-mar,SHOP-GENE-PORT,UNKNOWN,wiki_catalogue,https://drugdealersim.com/map?game=1708850&area=isla-sombra
Vendor sells,ITEM-WATER-S,Water,General store,jungle,SHOP-GENE-MEX2,UNKNOWN,wiki_catalogue,https://drugdealersim.com/map?game=1708850&area=isla-sombra
Vendor sells,ITEM-WATER-L,Water,General store,jungle,SHOP-GENE-MEX2,UNKNOWN,wiki_catalogue,https://drugdealersim.com/map?game=1708850&area=isla-sombra
Vendor sells,ITEM-WATER-S,Water,General store,la-colina-sangrienta,SHOP-GENE-JAM,UNKNOWN,wiki_catalogue,https://drugdealersim.com/map?game=1708850&area=isla-sombra
Vendor sells,ITEM-WATER-L,Water,General store,la-colina-sangrienta,SHOP-GENE-JAM,UNKNOWN,wiki_catalogue,https://drugdealersim.com/map?game=1708850&area=isla-sombra
Vendor sells,ITEM-WATER-S,Water,General store,slavs-bay,SHOP-GENE-SLAV,UNKNOWN,wiki_catalogue,https://drugdealersim.com/map?game=1708850&area=isla-sombra
Vendor sells,ITEM-WATER-L,Water,General store,slavs-bay,SHOP-GENE-SLAV,UNKNOWN,wiki_catalogue,https://drugdealersim.com/map?game=1708850&area=isla-sombra
Vendor sells,ITEM-WATER-S,Water,Mini-market,archipelago,SHOP-BIG-GENE-ARCH,UNKNOWN,wiki_catalogue,https://drugdealersim.com/map?game=1708850&area=isla-sombra
Vendor sells,ITEM-WATER-L,Water,Mini-market,archipelago,SHOP-BIG-GENE-ARCH,UNKNOWN,wiki_catalogue,https://drugdealersim.com/map?game=1708850&area=isla-sombra
Vendor sells,ITEM-WATER-S,Water,Mini-market,dueno-del-mar,SHOP-BIG-GENE-PORT,UNKNOWN,wiki_catalogue,https://drugdealersim.com/map?game=1708850&area=isla-sombra
Vendor sells,ITEM-WATER-L,Water,Mini-market,dueno-del-mar,SHOP-BIG-GENE-PORT,UNKNOWN,wiki_catalogue,https://drugdealersim.com/map?game=1708850&area=isla-sombra
Vendor sells,ITEM-WATER-S,Water,Mini-market,paraiso-peninsular,SHOP-BIG-GENE-PENI,UNKNOWN,wiki_catalogue,https://drugdealersim.com/map?game=1708850&area=isla-sombra
Vendor sells,ITEM-WATER-L,Water,Mini-market,paraiso-peninsular,SHOP-BIG-GENE-PENI,UNKNOWN,wiki_catalogue,https://drugdealersim.com/map?game=1708850&area=isla-sombra
Vendor sells,ITEM-WATER-S,Water,Pub,callejon,SHOP-FUN2-MEX1,UNKNOWN,wiki_catalogue,https://drugdealersim.com/map?game=1708850&area=isla-sombra
Vendor sells,ITEM-WATER-S,Water,Pub,callejon,SHOP-FUN-MEX1,UNKNOWN,wiki_catalogue,https://drugdealersim.com/map?game=1708850&area=isla-sombra
Vendor sells,ITEM-WATER-S,Water,Pub,slavs-bay,SHOP-FUN-SLAV,UNKNOWN,wiki_catalogue,https://drugdealersim.com/map?game=1708850&area=isla-sombra
Vendor sells,ITEM-WATER-S,Water,Restaurant,bahia-de-oro-villa,SHOP-FUN-CITY-BUS,UNKNOWN,wiki_catalogue,https://drugdealersim.com/map?game=1708850&area=isla-sombra
Vendor sells,ITEM-WATER-S,Water,Restaurant,paraiso-peninsular,SHOP-FUN-PENI,UNKNOWN,wiki_catalogue,https://drugdealersim.com/map?game=1708850&area=isla-sombra
Vendor sells,ITEM-WATER-S,Water,Small shop,dueno-del-mar,SHOP-FUN-STR,UNKNOWN,wiki_catalogue,https://drugdealersim.com/map?game=1708850&area=isla-sombra
Vendor sells,ITEM-WATER-S,Water,Small shop,small-island,SHOP-GENE-BUNK,UNKNOWN,wiki_catalogue,https://drugdealersim.com/map?game=1708850&area=isla-sombra
Vendor sells,ITEM-WATER-S,Water,Techno Club,bahia-de-oro-favela,SHOP-FUN2-CITY-FAV,UNKNOWN,wiki_catalogue,https://drugdealersim.com/map?game=1708850&area=isla-sombra
Vendor sells,UNKNOWN,Water (500ML),Shop - Luciano Cruz,archipelago,UNKNOWN,UNKNOWN,wiki_catalogue,https://drugdealersim.com/map?game=1708850&area=isla-sombra
Vendor sells,UNKNOWN,Water (5L),Shop - Luciano Cruz,archipelago,UNKNOWN,UNKNOWN,wiki_catalogue,https://drugdealersim.com/map?game=1708850&area=isla-sombra
Vendor sells,WINDOW-UPGRADE-BARS,Window bars,Equipment and upgrade store,la-colina-sangrienta,SHOP-LABEQ-JAM,UNKNOWN,wiki_catalogue,https://drugdealersim.com/map?game=1708850&area=isla-sombra
Vendor sells,WINDOW-UPGRADE-BARS,Window bars,Equipment store,volcano-island,SHOP-LABEQ-VOL,UNKNOWN,wiki_catalogue,https://drugdealersim.com/map?game=1708850&area=isla-sombra
Vendor sells,WINDOW-UPGRADE-SHUTTERS,Window shutters,Equipment and upgrade store,la-colina-sangrienta,SHOP-LABEQ-JAM,UNKNOWN,wiki_catalogue,https://drugdealersim.com/map?game=1708850&area=isla-sombra
Vendor sells,WINDOW-UPGRADE-SHUTTERS,Window shutters,Equipment store,volcano-island,SHOP-LABEQ-VOL,UNKNOWN,wiki_catalogue,https://drugdealersim.com/map?game=1708850&area=isla-sombra
Vendor sells,WINDOW-UPGRADE-SHUTTERS,Window shutters,Furniture store,dueno-del-mar,SHOP-FURN-PORT,UNKNOWN,wiki_catalogue,https://drugdealersim.com/map?game=1708850&area=isla-sombra
Vendor sells,WINDOW-UPGRADE-SHUTTERS,Window shutters,Furniture store,la-colina-sangrienta,SHOP-FURN-JAM,UNKNOWN,wiki_catalogue,https://drugdealersim.com/map?game=1708850&area=isla-sombra
Vendor sells,WINDOW-UPGRADE-SHUTTERS,Window shutters,Furniture store,paraiso-peninsular,SHOP-FURN-PENI,UNKNOWN,wiki_catalogue,https://drugdealersim.com/map?game=1708850&area=isla-sombra
Vendor sells,WINDOW-UPGRADE-SHUTTERS,Window shutters,Furniture store,slavs-bay,SHOP-FURN-SLAV,UNKNOWN,wiki_catalogue,https://drugdealersim.com/map?game=1708850&area=isla-sombra
Vendor sells,TOOL-WIRE-CUTTERS,Wire cutters,Boat Seller,dueno-del-mar,SHOP-BOAT-PORT,UNKNOWN,wiki_catalogue,https://drugdealersim.com/map?game=1708850&area=isla-sombra
Vendor sells,TOOL-WIRE-CUTTERS,Wire cutters,Construction store,slavs-bay,SHOP-CHEM-SLAV,UNKNOWN,wiki_catalogue,https://drugdealersim.com/map?game=1708850&area=isla-sombra
Vendor sells,TOOL-WIRE-CUTTERS,Wire cutters,Fuel depot,archipelago,SHOP-GAS-MEX1,UNKNOWN,wiki_catalogue,https://drugdealersim.com/map?game=1708850&area=isla-sombra
Vendor sells,TOOL-WIRE-CUTTERS,Wire cutters,Fuel depot,dueno-del-mar,SHOP-GAS-PORT,UNKNOWN,wiki_catalogue,https://drugdealersim.com/map?game=1708850&area=isla-sombra
Vendor sells,TOOL-WIRE-CUTTERS,Wire cutters,Fuel depot,slavs-bay,SHOP-GAS-SLAV,UNKNOWN,wiki_catalogue,https://drugdealersim.com/map?game=1708850&area=isla-sombra
Vendor sells,TOOL-WIRE-CUTTERS,Wire cutters,Hardware store,bahia-de-oro-favela,SHOP-HARD-CITY-FAV,UNKNOWN,wiki_catalogue,https://drugdealersim.com/map?game=1708850&area=isla-sombra
Vendor sells,TOOL-WIRE-CUTTERS,Wire cutters,Hardware store,callejon,SHOP-CLOTH-MEX1,UNKNOWN,wiki_catalogue,https://drugdealersim.com/map?game=1708850&area=isla-sombra
Vendor sells,TOOL-WIRE-CUTTERS,Wire cutters,Hardware store,jungle,SHOP-HARD-MEX2,UNKNOWN,wiki_catalogue,https://drugdealersim.com/map?game=1708850&area=isla-sombra
Vendor sells,TOOL-WIRE-CUTTERS,Wire cutters,Hardware store,la-colina-sangrienta,SHOP-HARD-JAM,UNKNOWN,wiki_catalogue,https://drugdealersim.com/map?game=1708850&area=isla-sombra
Vendor sells,TOOL-WIRE-CUTTERS,Wire cutters,Hardware store,volcano-island,SHOP-HARD-VOL,UNKNOWN,wiki_catalogue,https://drugdealersim.com/map?game=1708850&area=isla-sombra
Vendor sells,TOOL-WIRE-CUTTERS,Wire cutters,Military equipment shop,dueno-del-mar,SHOP-HARD-PORT,UNKNOWN,wiki_catalogue,https://drugdealersim.com/map?game=1708850&area=isla-sombra
Vendor sells,TOOL-WIRE-CUTTERS,Wire cutters,Mini-market,archipelago,SHOP-BIG-GENE-ARCH,UNKNOWN,wiki_catalogue,https://drugdealersim.com/map?game=1708850&area=isla-sombra
Vendor sells,TOOL-WIRE-CUTTERS,Wire cutters,Mini-market,dueno-del-mar,SHOP-BIG-GENE-PORT,UNKNOWN,wiki_catalogue,https://drugdealersim.com/map?game=1708850&area=isla-sombra
Vendor sells,TOOL-WIRE-CUTTERS,Wire cutters,Mini-market,paraiso-peninsular,SHOP-BIG-GENE-PENI,UNKNOWN,wiki_catalogue,https://drugdealersim.com/map?game=1708850&area=isla-sombra
Vendor sells,EQ-CABINET-BAS-M,Wooden cabinet,Furniture store,dueno-del-mar,SHOP-FURN-PORT,UNKNOWN,wiki_catalogue,https://drugdealersim.com/map?game=1708850&area=isla-sombra
Vendor sells,EQ-CABINET-BAS-M,Wooden cabinet,Furniture store,paraiso-peninsular,SHOP-FURN-PENI,UNKNOWN,wiki_catalogue,https://drugdealersim.com/map?game=1708850&area=isla-sombra
Vendor buys,TOOL-WEP-WRENCH,Wrench,Tom the Tech,UNKNOWN,buyer:tom-the-tech,500,observed_in_game,"User-supplied in-game SELL screenshot, 2026-10-08"
Vendor sells,TOOL-WEP-WRENCH,Wrench,Hardware store,jungle,SHOP-HARD-MEX2,UNKNOWN,wiki_catalogue,https://drugdealersim.com/map?game=1708850&area=isla-sombra
Vendor sells,PLANT-TAXACEAE,Yew tree branch,Old Man,la-colina-sangrienta,SHOP-FARM-JAM,UNKNOWN,wiki_catalogue,https://drugdealersim.com/map?game=1708850&area=isla-sombra
